dream_id,age,gender,profession,emotional_state,dream_description,birth_date,zodiac_sign,dream_category,dream_mood,symbols_identified
DREAM001,25,Female,Teacher,Anxious,"I was walking through a dark forest when suddenly a bright light appeared. A golden snake slithered across my path and transformed into a lotus flower.",1998-05-15,Taurus,Spiritual,Anxious,"forest,snake,light,lotus"
DREAM002,32,Male,Software Engineer,Stressed,"Flying over a vast ocean, I saw my childhood home floating on a cloud. My grandmother was there, smiling and offering me water.",1991-03-22,Aries,Transformation,Peaceful,"ocean,cloud,home,water"
DREAM003,28,Female,Marketing Manager,Excited,"Running through a maze of mirrors, each reflection showed a different version of myself. One was dancing, another writing, another flying.",1995-08-10,Leo,Ambition,Exciting,"mirrors,maze,dancing,flying"
DREAM004,45,Male,Doctor,Worried,"A giant elephant was blocking a hospital entrance. I tried to move it but couldn't. Then it spoke: 'Heal yourself first.'",1978-11-30,Sagittarius,Career,Anxious,"elephant,hospital,speaking"
DREAM005,22,Female,Student,Confused,"Teeth falling out while giving a presentation. Everyone in the audience had no faces, just mirrors where faces should be.",2001-02-14,Aquarius,Fear,Fearful,"teeth,presentation,audience,mirrors"
DREAM006,38,Male,Architect,Peaceful,"Building a temple in the sky with floating stones. Each stone had ancient Sanskrit symbols that glowed in the moonlight.",1985-07-19,Cancer,Spiritual,Peaceful,"temple,stones,sanskrit,moon"
DREAM007,29,Female,Artist,Creative,"Painting with colors that didn't exist. The canvas became a portal to a garden where trees grew upside down and rivers flowed upward.",1994-12-01,Sagittarius,Adventure,Joyful,"painting,garden,trees,rivers"
DREAM008,41,Male,Entrepreneur,Pressured,"Being chased by a giant clock through endless corridors. Time was melting like candles, dripping onto my shoulders.",1982-09-08,Virgo,Stress,Anxious,"clock,corridors,time,melting"
DREAM009,33,Female,Therapist,Empathetic,"A phoenix rose from my heart and flew through seven doors, each door a different color. Behind the last door was my younger self crying.",1990-03-15,Pisces,Transformation,Sad,"phoenix,doors,heart,younger self"
DREAM010,27,Male,Athlete,Frustrated,"Running a marathon underwater while carrying weights shaped like my fears. The finish line kept moving further away.",1996-06-20,Gemini,Fear,Frustrated,"running,water,weights,fears"
DREAM011,35,Female,Lawyer,Overwhelmed,"A courtroom where I was judge, jury, and accused. The walls were made of books that kept falling on me.",1988-10-12,Libra,Stress,Anxious,"courtroom,books,judge,walls"
DREAM012,50,Male,Farmer,Grounded,"The earth opened and revealed a library of roots, each root telling stories of my ancestors. They were all laughing and planting seeds.",1973-04-02,Aries,Spiritual,Peaceful,"earth,roots,library,seeds"
DREAM013,26,Female,Nurse,Compassionate,"Healing wounded animals in a forest where trees had eyes. A deer with golden antlers bowed to me and offered a glowing leaf.",1997-01-25,Aquarius,Relationships,Joyful,"animals,forest,deer,leaf"
DREAM014,44,Male,Professor,Intellectual,"Teaching a class where students dissolved into equations and reformed as constellations. The blackboard became a night sky.",1979-09-16,Virgo,Spiritual,Wonder,"students,equations,constellations,sky"
DREAM015,31,Female,Designer,Inspired,"Fashioning clothes from moonlight and shadow. The garments danced by themselves, telling stories of ancient queens and warriors.",1992-07-07,Cancer,Creativity,Joyful,"clothes,moonlight,shadow,dancing"
DREAM016,39,Male,Engineer,Analytical,"Fixing a machine made of pure light while floating in space. Each repair made a star brighter until the whole galaxy sparkled.",1984-03-29,Aries,Ambition,Exciting,"machine,light,space,stars"
DREAM017,23,Female,Writer,Reflective,"Writing a story that wrote itself back. The pages became birds that carried messages to everyone I'd ever loved.",2000-11-11,Scorpio,Relationships,Peaceful,"writing,pages,birds,messages"
DREAM018,48,Male,Pilot,Adventurous,"Flying an airplane made of crystal through a storm of butterflies. The clouds were made of cotton candy and whispered secrets.",1975-06-14,Gemini,Adventure,Joyful,"airplane,butterflies,clouds,crystal"
DREAM019,30,Female,Yoga Instructor,Centered,"My chakras opened like flowers, each releasing a different color of light that wove together into a rainbow bridge to the stars.",1993-09-23,Virgo,Spiritual,Peaceful,"chakras,flowers,light,rainbow"
DREAM020,42,Male,Chef,Passionate,"Cooking a feast for the universe. Each dish contained memories: my grandmother's kitchen, first love's laughter, children's birthdays.",1981-01-15,Capricorn,Family,Joyful,"cooking,kitchen,memories,feast"
DREAM021,34,Female,Psychologist,Curious,"Analyzing dreams within dreams. Each layer revealed a deeper truth until I reached a core of pure silence where everything was understood.",1989-04-18,Aries,Spiritual,Peaceful,"layers,silence,truth,core"
DREAM022,29,Male,Musician,Melancholic,"Playing a piano underwater while mermaids wept diamonds. The music created shapes in the water that told stories of lost love.",1994-12-24,Capricorn,Relationships,Sad,"piano,water,mermaids,music"
DREAM023,37,Female,Journalist,Determined,"Climbing a mountain of news headlines, each step a truth uncovered. At the summit, the truth was a mirror showing only myself.",1986-08-05,Leo,Career,Determined,"mountain,headlines,mirror,truth"
DREAM024,52,Male,Retired,Reflective,"Sitting under a banyan tree that held all the ages of my life as leaves. Each leaf fell and became a star in the night sky.",1971-10-30,Scorpio,Spiritual,Peaceful,"banyan tree,leaves,stars,ages"
DREAM025,27,Female,Dancer,Energetic,"Dancing with shadows that moved independently. Together we created patterns that painted the room in impossible colors.",1996-04-12,Aries,Creativity,Exciting,"dancing,shadows,patterns,colors"
DREAM026,43,Male,Architect,Creative,"Designing buildings that breathed and grew like trees. The cities became forests where people lived in harmony with nature.",1980-07-21,Cancer,Ambition,Inspired,"buildings,trees,cities,forests"
DREAM027,36,Female,Social Worker,Compassionate,"Holding the world in my hands like a wounded bird. As I breathed love into it, it healed and flew, leaving golden feathers behind.",1987-02-28,Pisces,Spiritual,Joyful,"world,bird,feathers,healing"
DREAM028,24,Male,Student,Anxious,"Taking an exam where the questions were riddles from my childhood. The answers were hidden in moments I'd forgotten.",1999-09-17,Virgo,Fear,Anxious,"exam,questions,childhood,answers"
DREAM029,49,Female,Counselor,Nurturing,"Giving birth to ideas that became butterflies. They flew into the hearts of everyone I'd ever helped, bringing them peace.",1974-03-10,Pisces,Spiritual,Peaceful,"birth,butterflies,hearts,peace"
DREAM030,33,Male,Scientist,Inquisitive,"Discovering a new element made of pure possibility. It changed form based on what people dreamed, becoming their deepest desires.",1990-11-07,Scorpio,Ambition,Wonder,"element,possibility,dreams,desires"
DREAM031,21,Female,Student,Confused,"Walking through a library where books were alive. One book opened and swallowed me, then I became the story being read.",2002-08-19,Leo,Spiritual,Confused,"library,books,story,becoming"
DREAM032,46,Male,Firefighter,Brave,"Fighting fires that burned with memories instead of flames. Each memory I saved became a star in someone's sky.",1977-12-03,Sagittarius,Career,Brave,"fires,memories,stars,saving"
DREAM033,31,Female,Photographer,Artistic,"Taking photos of moments that hadn't happened yet. The camera showed me futures where everyone was living their truth.",1992-05-25,Gemini,Creativity,Exciting,"photos,moments,futures,camera"
DREAM034,40,Male,Accountant,Stressed,"Counting stars that kept rearranging into different numbers. The sky was a spreadsheet that wouldn't balance no matter how I tried.",1983-01-19,Capricorn,Stress,Anxious,"stars,numbers,sky,counting"
DREAM035,28,Female,Actress,Expressive,"Performing every role I'd ever wanted to play simultaneously. The audience was my ancestors, applauding with tears of joy.",1995-06-30,Cancer,Ambition,Joyful,"roles,audience,ancestors,performing"
DREAM036,53,Male,Writer,Contemplative,"Writing a novel that wrote itself. The characters came alive and started writing their own stories within my story.",1970-04-26,Taurus,Creativity,Peaceful,"novel,characters,stories,writing"
DREAM037,35,Female,Doctor,Dedicated,"Surgery where the patient was the universe. Every stitch I made repaired a wound in reality, and stars healed with each suture.",1988-12-15,Sagittarius,Spiritual,Peaceful,"surgery,universe,stars,healing"
DREAM038,26,Male,Programmer,Focused,"Coding in a language of light. Each line of code manifested as architecture in a digital world I was building from scratch.",1997-07-22,Cancer,Ambition,Exciting,"coding,light,digital,world"
DREAM039,44,Female,Environmentalist,Passionate,"Planting seeds that grew into entire ecosystems within seconds. The planet was healing itself through my hands.",1979-09-14,Virgo,Spiritual,Joyful,"seeds,ecosystems,planet,healing"
DREAM040,30,Male,Musician,Inspired,"Creating music that painted the air with colors. The symphony was visible as a living tapestry that everyone could see and feel.",1993-02-19,Aquarius,Creativity,Joyful,"music,colors,tapestry,symphony"
DREAM041,38,Female,Entrepreneur,Determined,"Building a bridge between worlds made entirely of connections between people. Each handshake created another arch of light.",1985-10-25,Scorpio,Ambition,Determined,"bridge,connections,light,worlds"
DREAM042,29,Male,Teacher,Patient,"Teaching a class of stars how to shine. Each star had its own rhythm, and together we created constellations of understanding.",1994-01-12,Capricorn,Spiritual,Peaceful,"stars,class,constellations,shining"
DREAM043,47,Female,Artist,Creative,"Painting on water that refused to mix. The colors danced independently, creating mandalas that spun into infinity.",1976-06-08,Gemini,Creativity,Peaceful,"water,painting,mandalas,colors"
DREAM044,34,Male,Therapist,Empathetic,"Holding space for a thousand wounded souls. Each one I helped transformed into a butterfly and flew back into the world.",1989-08-21,Leo,Spiritual,Peaceful,"souls,butterflies,space,transforming"
DREAM045,25,Female,Student,Anxious,"Being chased by expectations shaped like faceless people. The only escape was becoming invisible, which felt like disappearing.",1998-03-30,Aries,Fear,Anxious,"expectations,faceless,escape,invisible"
DREAM046,51,Male,Construction Worker,Grounded,"Building a pyramid of life experiences. Each block was a memory, and together they created a monument to everything I'd learned.",1972-11-22,Scorpio,Reflective,Peaceful,"pyramid,memories,monument,building"
DREAM047,32,Female,Lawyer,Confident,"Arguing a case for humanity's future. The judge was time itself, and the jury was every person I'd ever helped.",1991-07-15,Cancer,Career,Confident,"case,judge,jury,humanity"
DREAM048,39,Male,Scientist,Curious,"Discovering that consciousness was the fabric of reality. Each thought was a thread in a tapestry that contained all possibilities.",1984-12-05,Sagittarius,Spiritual,Wonder,"consciousness,reality,tapestry,thoughts"
DREAM049,27,Female,Nurse,Caring,"Holding the hand of death while it cried. Together we watched souls transition, and I understood that endings were just beginnings.",1996-04-19,Aries,Spiritual,Peaceful,"death,souls,transition,understanding"
DREAM050,43,Male,Artist,Reflective,"Creating art from broken pieces of the past. Each fragment found its place, and the whole became more beautiful for its cracks.",1980-09-27,Libra,Creativity,Peaceful,"art,pieces,past,beautiful"
DREAM051,22,Female,Student,Excited,"Discovering a door in my mind that led to infinite libraries. Each book I opened showed me a different life I could live.",2001-06-14,Gemini,Adventure,Exciting,"door,libraries,books,lives"
DREAM052,36,Male,Chef,Passionate,"Cooking a meal that tasted like home. Everyone who ate it remembered something they'd forgotten they loved.",1987-01-08,Capricorn,Family,Joyful,"cooking,home,meal,memories"
DREAM053,45,Female,Writer,Inspired,"Words flowing like a river from my pen, creating landscapes where characters lived full lives before returning to ink.",1978-08-22,Leo,Creativity,Joyful,"words,river,characters,ink"
DREAM054,28,Male,Engineer,Analytical,"Solving equations that revealed the structure of happiness. The solution was simpler than expected: connection and purpose.",1995-10-17,Libra,Spiritual,Peaceful,"equations,happiness,connection,purpose"
DREAM055,49,Female,Healer,Compassionate,"Laying hands on the wounded earth. Where I touched, forests grew and rivers began to flow again.",1974-02-28,Pisces,Spiritual,Peaceful,"hands,earth,forests,rivers"
DREAM056,31,Male,Entrepreneur,Driven,"Launching a rocket made of dreams. The destination was a star that only existed because we believed it could.",1992-07-19,Cancer,Ambition,Exciting,"rocket,dreams,star,believing"
DREAM057,37,Female,Psychologist,Analytical,"Analyzing the collective dream of humanity. The patterns showed that everyone was dreaming the same thing: connection and healing.",1986-04-04,Aries,Spiritual,Wonder,"dreams,patterns,connection,healing"
DREAM058,42,Male,Architect,Creative,"Designing cities that breathed with the planet. Buildings had roots, streets were rivers, and people lived in harmony with nature.",1981-12-12,Sagittarius,Ambition,Inspired,"cities,buildings,nature,harmony"
DREAM059,26,Female,Dancer,Expressive,"Dancing with the wind itself. Together we choreographed storms that brought rain to drought-stricken lands.",1997-09-08,Virgo,Spiritual,Joyful,"dancing,wind,storms,rain"
DREAM060,50,Male,Father,Nurturing,"Holding my children as adults while they held me as a child. Time folded in on itself, and love was the constant.",1973-03-17,Pisces,Family,Peaceful,"children,time,love,holding"
DREAM061,33,Female,Doctor,Dedicated,"Performing surgery on a broken heart. The patient was someone I'd never met, but I knew exactly how to heal them.",1990-05-23,Gemini,Career,Peaceful,"heart,surgery,healing,patient"
DREAM062,29,Male,Programmer,Focused,"Coding reality from scratch. The source code was love, the compiler was intention, and the output was a world that worked.",1994-08-11,Leo,Ambition,Exciting,"coding,reality,love,intention"
DREAM063,41,Female,Teacher,Patient,"Teaching seeds how to grow. Each seed had its own timing, and I learned to trust the pace of nature.",1982-10-04,Libra,Spiritual,Peaceful,"seeds,growing,nature,trust"
DREAM064,35,Male,Athlete,Determined,"Running through dimensions where time moved differently. Each step took me through years, and I arrived everywhere simultaneously.",1988-01-21,Aquarius,Adventure,Exciting,"running,dimensions,time,arriving"
DREAM065,44,Female,Artist,Creative,"Sculpting with light and shadow. The forms I created danced in the space between what is seen and what is felt.",1979-04-13,Aries,Creativity,Joyful,"sculpting,light,shadow,forms"
DREAM066,27,Male,Student,Curious,"Reading a book that read me back. Each page revealed something about myself I'd never noticed before.",1996-12-28,Capricorn,Spiritual,Wonder,"book,reading,pages,revealing"
DREAM067,52,Female,Grandmother,Wise,"Spinning threads of fate into tapestries. Each thread was a life, and I could see how they all connected beautifully.",1971-06-05,Gemini,Family,Peaceful,"threads,fate,tapestries,connection"
DREAM068,38,Male,Firefighter,Brave,"Walking through fire that didn't burn. Instead, it revealed truths hidden in the smoke of everyday life.",1985-02-16,Aquarius,Spiritual,Brave,"fire,truth,smoke,walking"
DREAM069,30,Female,Writer,Reflective,"Writing letters to my past self. Each one healed a wound I'd forgotten I was carrying.",1993-09-11,Virgo,Transformation,Peaceful,"letters,past,healing,writing"
DREAM070,46,Male,Scientist,Inquisitive,"Discovering that dreams were a parallel dimension. We visited each other's dreams without knowing, creating shared realities.",1977-07-29,Leo,Spiritual,Wonder,"dreams,dimensions,realities,visiting"
DREAM071,24,Female,Student,Anxious,"Taking a test where the questions were my fears. The answers were my strengths, which I'd forgotten I possessed.",1999-03-03,Pisces,Fear,Anxious,"test,fears,strengths,forgotten"
DREAM072,48,Male,Carpenter,Grounded,"Building furniture that grew with families. A cradle became a bed became a home for generations of dreams.",1975-11-19,Scorpio,Family,Peaceful,"furniture,growing,generations,home"
DREAM073,32,Female,Therapist,Empathetic,"Listening to the silence between thoughts. In that space, everyone's true self was waiting to be heard.",1991-05-08,Taurus,Spiritual,Peaceful,"silence,thoughts,self,listening"
DREAM074,39,Male,Entrepreneur,Driven,"Creating a business that sold happiness. The currency was kindness, and profits were measured in smiles.",1984-08-23,Virgo,Ambition,Joyful,"business,happiness,kindness,smiles"
DREAM075,28,Female,Nurse,Caring,"Healing wounds that were invisible. Each person I helped glowed a little brighter, lighting the way for others.",1995-12-14,Sagittarius,Spiritual,Peaceful,"healing,wounds,glowing,helping"
DREAM076,43,Male,Architect,Creative,"Designing spaces that healed trauma. Rooms where people could finally put down their burdens and rest.",1980-04-05,Aries,Spiritual,Peaceful,"spaces,healing,rooms,rest"
DREAM077,34,Female,Artist,Inspired,"Painting with emotions instead of colors. Joy was yellow, sadness blue, and love was every color at once.",1989-07-16,Cancer,Creativity,Joyful,"painting,emotions,colors,love"
DREAM078,26,Male,Musician,Melancholic,"Playing a song that made flowers grow. Each note planted seeds that bloomed into gardens of sound.",1997-01-30,Aquarius,Creativity,Joyful,"song,flowers,seeds,gardens"
DREAM079,51,Female,Volunteer,Compassionate,"Feeding the hungry with stories instead of food. Each tale nourished souls that had been starving for meaning.",1972-09-25,Libra,Spiritual,Peaceful,"stories,souls,nourishing,meaning"
DREAM080,37,Male,Engineer,Analytical,"Building bridges between generations. Each connection allowed wisdom to flow both ways, enriching everyone.",1986-11-08,Scorpio,Family,Peaceful,"bridges,generations,wisdom,connection"
DREAM081,29,Female,Dancer,Energetic,"Dancing through a fire of fears. Each fear I danced with transformed into a teacher, showing me my strength.",1994-02-22,Pisces,Transformation,Empowered,"dancing,fire,fears,strength"
DREAM082,45,Male,Doctor,Dedicated,"Holding space for miracles. In the space between diagnosis and healing, I witnessed the body's incredible wisdom.",1978-06-13,Gemini,Career,Peaceful,"miracles,healing,wisdom,space"
DREAM083,33,Female,Writer,Creative,"Writing worlds into existence. Each word created a reality where my characters could live and grow.",1990-10-29,Scorpio,Creativity,Joyful,"writing,worlds,words,reality"
DREAM084,40,Male,Farmer,Grounded,"Planting seeds that grew into answers. Each plant was a solution to problems I hadn't yet understood.",1983-12-18,Sagittarius,Spiritual,Peaceful,"seeds,answers,plants,solutions"
DREAM085,27,Female,Student,Confused,"Walking through a mirror into my own mind. I met versions of myself from different times, and we all embraced.",1996-05-03,Taurus,Spiritual,Peaceful,"mirror,mind,versions,embracing"
DREAM086,49,Male,Artist,Reflective,"Creating art from mistakes. Each error became a feature, and the final piece was more beautiful for its imperfections.",1974-07-27,Leo,Creativity,Peaceful,"art,mistakes,beauty,imperfections"
DREAM087,35,Female,Psychologist,Curious,"Studying dreams of the universe. The cosmos dreams us, and we dream it back, creating a cycle of mutual becoming.",1988-03-09,Pisces,Spiritual,Wonder,"universe,dreams,cosmos,becoming"
DREAM088,31,Male,Programmer,Excited,"Coding a program that wrote poetry. The verses were so beautiful they made machines cry electronic tears.",1992-11-15,Scorpio,Creativity,Joyful,"coding,poetry,machines,beauty"
DREAM089,42,Female,Environmentalist,Passionate,"Healing the ocean by listening to its songs. The whales taught me that all life is connected through sound.",1981-01-28,Aquarius,Spiritual,Peaceful,"ocean,songs,whales,connection"
DREAM090,36,Male,Chef,Passionate,"Cooking with ancestors' recipes that updated themselves. Each dish contained the wisdom of generations, evolved for today.",1987-08-03,Leo,Family,Joyful,"cooking,recipes,ancestors,wisdom"
DREAM091,23,Female,Student,Anxious,"Being judged by a jury of my past selves. They forgave me for things I'd forgotten to forgive myself for.",2000-04-16,Aries,Fear,Peaceful,"judged,jury,past,forgiveness"
DREAM092,50,Male,Retired,Reflective,"Walking through a gallery of my life's work. Each piece was a moment I'd lived, arranged beautifully in time.",1973-10-12,Libra,Reflective,Peaceful,"gallery,life,moments,time"
DREAM093,34,Female,Nurse,Compassionate,"Holding the hands of everyone who felt alone. Together we created a chain of connection that circled the earth.",1989-12-28,Capricorn,Spiritual,Peaceful,"hands,connection,chain,earth"
DREAM094,28,Male,Athlete,Determined,"Running towards a horizon that kept revealing new horizons. The journey was the destination, I finally understood.",1995-07-07,Cancer,Adventure,Peaceful,"running,horizon,journey,understanding"
DREAM095,47,Female,Artist,Creative,"Painting with light itself. The colors were frequencies, and my canvas was the space between moments.",1976-02-19,Aquarius,Creativity,Joyful,"painting,light,frequencies,canvas"
DREAM096,39,Male,Scientist,Inquisitive,"Discovering that consciousness was everywhere. Rocks dreamed of being mountains, rivers dreamed of reaching the sea.",1984-05-24,Gemini,Spiritual,Wonder,"consciousness,dreams,rocks,rivers"
DREAM097,26,Female,Dancer,Expressive,"Dancing the story of the universe. From the big bang to now, I moved through eons in a single breath.",1997-08-08,Leo,Spiritual,Joyful,"dancing,universe,eons,breath"
DREAM098,44,Male,Teacher,Patient,"Teaching students who were stars. Each lesson helped them shine brighter, illuminating the cosmos with knowledge.",1979-03-20,Pisces,Spiritual,Peaceful,"stars,students,lessons,illuminating"
DREAM099,30,Female,Entrepreneur,Driven,"Building a company that healed the world. Profit was measured in healed hearts and restored ecosystems.",1993-06-02,Gemini,Ambition,Inspired,"company,healing,profit,world"
DREAM100,52,Male,Writer,Contemplative,"Writing the final chapter of my life before I'd lived it. The ending was open, waiting for me to choose.",1971-12-17,Sagittarius,Reflective,Peaceful,"writing,chapter,life,ending"
DREAM101,29,Female,Therapist,Empathetic,"Holding a space where everyone's inner child could play. The laughter healed wounds we'd all forgotten we carried.",1994-04-24,Taurus,Spiritual,Joyful,"space,child,play,laughter"
DREAM102,41,Male,Architect,Creative,"Designing buildings that changed based on the emotions of those inside. Architecture that responded to human needs.",1982-07-03,Cancer,Ambition,Creative,"buildings,emotions,architecture,needs"
DREAM103,33,Female,Doctor,Compassionate,"Healing with stories instead of medicine. Each patient's narrative contained the cure they'd been seeking.",1990-01-19,Capricorn,Career,Peaceful,"stories,healing,narrative,cure"
DREAM104,37,Male,Engineer,Analytical,"Building machines that captured dreams and displayed them as art. The gallery was full of wonder.",1986-09-06,Virgo,Creativity,Wonder,"machines,dreams,art,gallery"
DREAM105,25,Female,Student,Curious,"Flying through libraries that contained all knowledge. I could absorb books by touching them, feeling their wisdom.",1998-11-23,Sagittarius,Spiritual,Exciting,"flying,libraries,knowledge,wisdom"
DREAM106,48,Male,Fisherman,Peaceful,"Fishing for stars in a sea of possibility. Each catch was a dream I'd forgotten I had, returning to me.",1975-05-14,Taurus,Spiritual,Peaceful,"fishing,stars,sea,dreams"
DREAM107,32,Female,Artist,Inspired,"Creating sculptures that sang. Each piece had its own melody, and together they formed a symphony of form.",1991-08-29,Virgo,Creativity,Joyful,"sculptures,singing,symphony,form"
DREAM108,43,Male,Entrepreneur,Determined,"Starting a revolution of kindness. The movement spread faster than any technology, healing communities worldwide.",1980-12-10,Sagittarius,Spiritual,Inspired,"revolution,kindness,healing,communities"
DREAM109,27,Female,Nurse,Caring,"Transforming hospital rooms into gardens. Patients healed faster surrounded by flowers that sang healing frequencies.",1996-02-05,Aquarius,Career,Peaceful,"gardens,hospital,flowers,healing"
DREAM110,51,Male,Grandfather,Wise,"Weaving together the threads of family history. Each thread strengthened the whole, creating a tapestry of belonging.",1972-07-19,Cancer,Family,Peaceful,"weaving,threads,family,tapestry"
DREAM111,35,Female,Lawyer,Confident,"Arguing for the rights of future generations. The court of time listened, and we changed the course of history.",1988-04-08,Aries,Career,Empowered,"rights,generations,court,history"
DREAM112,29,Male,Musician,Melancholic,"Playing a song that mended broken hearts. Each note stitched together pieces people thought were lost forever.",1994-10-01,Libra,Creativity,Peaceful,"song,hearts,mending,notes"
DREAM113,46,Female,Environmentalist,Passionate,"Talking to trees who remembered when humans were new. They forgave us and taught us how to listen again.",1977-12-27,Capricorn,Spiritual,Peaceful,"trees,humans,listening,forgiveness"
DREAM114,38,Male,Programmer,Focused,"Coding in a language that computers and plants both understood. The network was alive and growing.",1985-06-18,Gemini,Ambition,Wonder,"coding,language,network,growing"
DREAM115,24,Female,Student,Anxious,"Walking through a forest of decisions. Each path was a life I could live, and I could see where each one led.",1999-03-09,Pisces,Fear,Peaceful,"forest,decisions,paths,lives"
DREAM116,50,Female,Grandmother,Wise,"Telling stories to the moon. She listened and glowed brighter, reflecting the wisdom back to earth.",1973-08-24,Virgo,Spiritual,Peaceful,"stories,moon,wisdom,reflecting"
DREAM117,33,Male,Chef,Passionate,"Creating dishes that evoked memories people had forgotten. Each bite brought back a piece of their soul.",1990-05-06,Taurus,Family,Joyful,"dishes,memories,soul,bite"
DREAM118,40,Female,Writer,Creative,"Writing a book that wrote itself. The characters had free will and often surprised me with their choices.",1983-10-19,Libra,Creativity,Exciting,"book,writing,characters,choices"
DREAM119,28,Male,Athlete,Determined,"Competing in games where the only opponent was my former self. Winning meant growing, not defeating others.",1995-01-22,Aquarius,Transformation,Peaceful,"games,opponent,self,growing"
DREAM120,45,Female,Therapist,Empathetic,"Creating a space where people could meet their shadow selves. The integration was beautiful to witness.",1978-02-14,Aquarius,Spiritual,Peaceful,"shadow,selves,integration,space"
DREAM121,31,Male,Engineer,Analytical,"Building bridges between science and spirituality. The structure was made of questions that welcomed all answers.",1992-07-11,Cancer,Ambition,Inspired,"bridges,science,spirituality,questions"
DREAM122,52,Female,Artist,Creative,"Painting with starlight on canvas of darkness. The images were galaxies forming, showing creation in progress.",1971-03-27,Aries,Creativity,Wonder,"painting,starlight,galaxies,creation"
DREAM123,36,Male,Doctor,Dedicated,"Performing surgery on time itself. I removed blockages that prevented healing from reaching the past.",1987-09-14,Virgo,Career,Peaceful,"surgery,time,healing,past"
DREAM124,29,Female,Dancer,Expressive,"Dancing through dimensions of emotion. Each movement revealed a new feeling I'd never experienced before.",1994-12-05,Sagittarius,Spiritual,Exciting,"dancing,dimensions,emotion,movement"
DREAM125,47,Male,Teacher,Patient,"Teaching geometry to angels. The shapes they created became new constellations in the night sky.",1976-05-19,Taurus,Spiritual,Wonder,"geometry,angels,constellations,sky"
DREAM126,34,Female,Entrepreneur,Driven,"Creating businesses that measured success in happiness. The stock market traded in smiles and community well-being.",1989-11-08,Scorpio,Ambition,Inspired,"businesses,happiness,community,success"
DREAM127,26,Male,Musician,Melancholic,"Playing a piano that wept diamonds. The music was so beautiful it made the universe pause to listen.",1997-07-04,Cancer,Creativity,Joyful,"piano,diamonds,music,universe"
DREAM128,49,Female,Nurse,Caring,"Healing the planet one person at a time. Each healed person planted seeds of healing wherever they went.",1974-01-15,Capricorn,Spiritual,Peaceful,"healing,planet,seeds,person"
DREAM129,39,Male,Architect,Creative,"Designing buildings that grew with their inhabitants. The structures evolved as families grew and changed.",1984-04-23,Taurus,Ambition,Creative,"buildings,growing,families,structures"
DREAM130,30,Female,Writer,Reflective,"Writing a story that contained all stories. Every book ever written was a chapter in my infinite novel.",1993-06-07,Gemini,Creativity,Wonder,"story,books,chapters,infinite"
DREAM131,42,Male,Farmer,Grounded,"Growing crops that produced solutions instead of food. Farmers harvested answers to community problems.",1981-08-12,Leo,Spiritual,Peaceful,"crops,solutions,community,harvest"
DREAM132,37,Female,Psychologist,Curious,"Analyzing dreams of animals. They dreamed of being human, and we dreamed of being free like them.",1986-02-28,Pisces,Spiritual,Wonder,"dreams,animals,human,freedom"
DREAM133,28,Male,Student,Confused,"Walking through a maze where walls were made of questions. The exit appeared when I stopped searching.",1995-09-19,Virgo,Spiritual,Peaceful,"maze,questions,exit,searching"
DREAM134,53,Female,Grandmother,Wise,"Spinning stories from threads of forgotten memories. Each story healed someone who heard it.",1970-11-03,Scorpio,Family,Peaceful,"stories,threads,memories,healing"
DREAM135,41,Male,Engineer,Analytical,"Building a time machine that only went forward. It showed me that every moment is a choice for the future.",1982-03-15,Pisces,Ambition,Wonder,"time machine,future,moments,choices"
DREAM136,32,Female,Artist,Inspired,"Creating art that changed based on the viewer's mood. The piece was a mirror for the soul.",1991-10-27,Scorpio,Creativity,Wonder,"art,viewer,mirror,soul"
DREAM137,44,Male,Doctor,Dedicated,"Healing with sound frequencies. Each patient had their own song that restored their natural harmony.",1979-07-20,Cancer,Career,Peaceful,"sound,frequencies,harmony,healing"
DREAM138,27,Female,Dancer,Energetic,"Dancing with ancestors who taught me their forgotten moves. The dances held the history of my lineage.",1996-01-04,Capricorn,Spiritual,Joyful,"dancing,ancestors,moves,history"
DREAM139,50,Male,Writer,Contemplative,"Writing letters to the universe. Each response came as a shooting star or a moment of perfect clarity.",1973-05-29,Gemini,Spiritual,Peaceful,"letters,universe,stars,clarity"
DREAM140,35,Female,Teacher,Patient,"Teaching children to dream intentionally. They learned to shape their dreams and wake up with solutions.",1988-12-21,Sagittarius,Spiritual,Inspired,"children,dreams,shaping,solutions"
DREAM141,29,Male,Entrepreneur,Driven,"Creating a currency of kindness. The economy thrived because everyone gave more than they took.",1994-03-07,Pisces,Ambition,Exciting,"currency,kindness,economy,giving"
DREAM142,48,Female,Environmentalist,Passionate,"Communicating with the earth's core. She was alive and grateful for those who listened to her pain.",1975-09-02,Virgo,Spiritual,Peaceful,"earth,core,listening,grateful"
DREAM143,38,Male,Programmer,Focused,"Coding reality from the inside out. I discovered I was part of the program, not separate from it.",1985-11-24,Sagittarius,Spiritual,Wonder,"coding,reality,program,discovery"
DREAM144,31,Female,Nurse,Caring,"Holding the space between life and death. In that space, I witnessed the peace of transition.",1992-05-16,Taurus,Career,Peaceful,"space,life,death,transition"
DREAM145,43,Male,Chef,Passionate,"Cooking a meal for a thousand strangers. Each dish was personalized, yet everyone felt nourished together.",1980-07-31,Leo,Family,Joyful,"cooking,strangers,nourished,community"
DREAM146,26,Female,Student,Curious,"Exploring libraries that existed between thoughts. The books were unwritten but fully known.",1997-10-09,Libra,Spiritual,Wonder,"libraries,thoughts,books,exploring"
DREAM147,52,Male,Retired,Reflective,"Watching my life as a film I could rewind and fast-forward. I appreciated scenes I'd previously rushed through.",1971-02-18,Aquarius,Reflective,Peaceful,"film,life,scenes,appreciating"
DREAM148,36,Female,Lawyer,Confident,"Arguing for the right to be imperfect. The court ruled that flaws were features of being human.",1987-04-05,Aries,Career,Empowered,"right,imperfect,flaws,human"
DREAM149,30,Male,Musician,Melancholic,"Creating music that plants could hear. The garden grew in rhythm with my melodies.",1993-08-20,Leo,Creativity,Joyful,"music,plants,garden,rhythm"
DREAM150,47,Female,Artist,Creative,"Painting portraits of people's souls. The paintings glowed with the unique light of each person.",1976-06-12,Gemini,Creativity,Wonder,"portraits,souls,glowing,light"
DREAM151,33,Male,Therapist,Empathetic,"Creating a space where trauma could speak. Once heard, it transformed into wisdom and compassion.",1990-09-28,Libra,Spiritual,Peaceful,"space,trauma,wisdom,compassion"
DREAM152,39,Female,Doctor,Dedicated,"Healing with love as medicine. The prescription was connection, and the dosage was presence.",1984-01-09,Capricorn,Career,Peaceful,"love,medicine,connection,presence"
DREAM153,28,Male,Engineer,Analytical,"Building machines that translated animal thoughts. We discovered they were philosophers all along.",1995-06-17,Gemini,Ambition,Wonder,"machines,animals,thoughts,philosophers"
DREAM154,45,Female,Teacher,Patient,"Teaching stars how to form constellations. Each star found its place in the cosmic story.",1978-08-01,Leo,Spiritual,Peaceful,"stars,constellations,cosmic,story"
DREAM155,32,Male,Architect,Creative,"Designing cities that floated on clouds. People moved between them on bridges made of light.",1991-12-16,Sagittarius,Ambition,Exciting,"cities,clouds,bridges,light"
DREAM156,41,Female,Writer,Inspired,"Writing a story that healed everyone who read it. Words were medicine for the soul.",1982-04-10,Aries,Creativity,Joyful,"story,healing,words,medicine"
DREAM157,29,Male,Programmer,Focused,"Coding a language that machines and emotions understood. The program was empathetic and wise.",1994-07-23,Cancer,Ambition,Wonder,"language,machines,emotions,empathetic"
DREAM158,50,Female,Grandmother,Wise,"Weaving a blanket that held all family memories. Wrapped in it, you could visit any moment.",1973-01-29,Aquarius,Family,Peaceful,"blanket,memories,wrapped,visiting"
DREAM159,37,Male,Entrepreneur,Driven,"Creating a marketplace where skills were traded for skills. Everyone taught and learned simultaneously.",1986-10-15,Libra,Ambition,Exciting,"marketplace,skills,trading,learning"
DREAM160,34,Female,Nurse,Caring,"Transforming hospitals into healing gardens. Patients recovered surrounded by nature's wisdom.",1989-02-20,Pisces,Career,Peaceful,"hospitals,gardens,nature,recovery"
DREAM161,27,Male,Student,Anxious,"Taking an exam where the questions were about my dreams. The answers were my deepest desires.",1996-04-11,Aries,Fear,Peaceful,"exam,dreams,desires,answers"
DREAM162,49,Female,Environmentalist,Passionate,"Talking to rivers that remembered being oceans. They taught me about patience and persistence.",1974-08-04,Leo,Spiritual,Peaceful,"rivers,oceans,patience,persistence"
DREAM163,42,Male,Artist,Creative,"Creating art that moved and breathed. The sculptures were alive with the spirit of creation.",1981-05-27,Gemini,Creativity,Wonder,"art,sculptures,alive,creation"
DREAM164,31,Female,Dancer,Expressive,"Dancing with the concept of time. We moved through past, present, and future simultaneously.",1992-09-13,Virgo,Spiritual,Joyful,"dancing,time,past,future"
DREAM165,46,Male,Teacher,Patient,"Teaching wisdom to trees. They grew stronger and shared their understanding with the forest.",1977-11-02,Scorpio,Spiritual,Peaceful,"wisdom,trees,growing,forest"
DREAM166,35,Female,Psychologist,Curious,"Analyzing dreams of the ocean. The waves were telling stories of depth and mystery.",1988-03-25,Aries,Spiritual,Wonder,"ocean,waves,stories,depth"
DREAM167,29,Male,Musician,Melancholic,"Playing a song that made time stand still. In the pause, everyone found peace.",1994-10-18,Libra,Creativity,Peaceful,"song,time,stillness,peace"
DREAM168,52,Female,Writer,Contemplative,"Writing poetry that planets could read. Each verse aligned the stars in new patterns.",1971-12-04,Sagittarius,Spiritual,Wonder,"poetry,planets,verses,stars"
DREAM169,38,Male,Doctor,Dedicated,"Healing the divide between mind and body. The integration was the cure for everything.",1985-06-29,Cancer,Career,Peaceful,"mind,body,integration,healing"
DREAM170,30,Female,Artist,Creative,"Painting with dreams instead of paint. The colors shifted as people dreamed new realities.",1993-11-27,Sagittarius,Creativity,Wonder,"painting,dreams,colors,realities"
DREAM171,44,Male,Architect,Creative,"Designing spaces that remembered. Buildings that held the memories of everyone who entered.",1979-09-05,Virgo,Ambition,Creative,"spaces,memories,buildings,holding"
DREAM172,33,Female,Therapist,Empathetic,"Creating a space where pain could rest. Once rested, it transformed into peace.",1990-01-12,Capricorn,Spiritual,Peaceful,"space,pain,rest,peace"
DREAM173,26,Male,Athlete,Determined,"Running through dimensions where physics was optional. I learned that limits were suggestions, not rules.",1997-02-21,Pisces,Adventure,Empowered,"running,dimensions,physics,limits"
DREAM174,48,Female,Nurse,Caring,"Holding the hands of those who were dying. In their passing, I learned about living.",1975-10-07,Libra,Spiritual,Peaceful,"hands,dying,living,passing"
DREAM175,41,Male,Engineer,Analytical,"Building a device that visualized thoughts. People were amazed by the beauty of their own minds.",1982-07-16,Cancer,Ambition,Wonder,"device,thoughts,visualized,beauty"
DREAM176,29,Female,Student,Curious,"Flying through galaxies made of books. Each star was a story waiting to be read.",1994-03-30,Aries,Spiritual,Exciting,"flying,galaxies,books,stories"
DREAM177,50,Male,Father,Wise,"Teaching my children how to dream consciously. They learned to shape their reality from sleep.",1973-04-19,Aries,Family,Peaceful,"children,dreams,reality,shaping"
DREAM178,36,Female,Entrepreneur,Driven,"Creating businesses that served the planet. Profit was measured in healed ecosystems.",1987-12-11,Sagittarius,Ambition,Inspired,"businesses,planet,profit,ecosystems"
DREAM179,32,Male,Chef,Passionate,"Cooking meals that healed relationships. Each dish helped people forgive and understand.",1991-06-24,Cancer,Family,Joyful,"meals,healing,relationships,forgiveness"
DREAM180,45,Female,Artist,Creative,"Sculpting with light and shadow. The forms existed in the space between seeing and feeling.",1978-05-03,Taurus,Creativity,Wonder,"sculpting,light,shadow,forms"
DREAM181,27,Male,Musician,Melancholic,"Creating symphonies that painted the sky. The music was visible as living color.",1996-08-15,Leo,Creativity,Joyful,"symphonies,sky,music,color"
DREAM182,53,Female,Grandmother,Wise,"Spinning stories that healed the future. Each tale planted seeds of wisdom for generations to come.",1970-09-19,Virgo,Family,Peaceful,"stories,future,seeds,wisdom"
DREAM183,39,Male,Programmer,Focused,"Coding reality from the source. I found the universe was made of love, expressed as light.",1984-12-29,Capricorn,Spiritual,Wonder,"coding,reality,universe,love"
DREAM184,34,Female,Doctor,Dedicated,"Healing with frequencies of compassion. Each patient resonated with their own healing song.",1989-04-07,Aries,Career,Peaceful,"healing,frequencies,compassion,song"
DREAM185,43,Male,Teacher,Patient,"Teaching students to listen to silence. In the quiet, they found answers they'd been seeking.",1980-11-21,Scorpio,Spiritual,Peaceful,"silence,students,answers,seeking"
DREAM186,31,Female,Dancer,Energetic,"Dancing with ancestors who taught me forgotten movements. Each dance healed generational patterns.",1992-02-13,Aquarius,Spiritual,Joyful,"dancing,ancestors,movements,healing"
DREAM187,47,Male,Architect,Creative,"Designing buildings that breathed with the earth. Architecture that honored the living planet.",1976-06-05,Gemini,Ambition,Creative,"buildings,earth,architecture,honoring"
DREAM188,28,Female,Writer,Inspired,"Writing letters to my future self. She wrote back with gratitude for the path I chose.",1995-10-22,Libra,Spiritual,Peaceful,"letters,future,gratitude,path"
DREAM189,51,Male,Retired,Reflective,"Watching the universe expand from a single point. I was there at the beginning and will be at the end.",1972-08-09,Leo,Spiritual,Wonder,"universe,expand,beginning,end"
DREAM190,37,Female,Psychologist,Curious,"Analyzing the collective dream of humanity. We were all dreaming of connection and healing.",1986-01-18,Capricorn,Spiritual,Peaceful,"dreams,humanity,connection,healing"
DREAM191,30,Male,Engineer,Analytical,"Building bridges between what is and what could be. The structure was made of hope and action.",1993-05-24,Gemini,Ambition,Inspired,"bridges,is,could,hope"
DREAM192,46,Female,Environmentalist,Passionate,"Communicating with the spirit of the forest. She taught me that we are not separate from nature.",1977-07-11,Cancer,Spiritual,Peaceful,"forest,spirit,nature,connection"
DREAM193,33,Male,Artist,Creative,"Creating art that healed the viewer. Each piece was medicine for a specific wound.",1990-10-04,Libra,Creativity,Peaceful,"art,healing,medicine,wound"
DREAM194,40,Female,Nurse,Caring,"Holding space for miracles in the mundane. Every moment held potential for transformation.",1983-03-07,Pisces,Spiritual,Peaceful,"space,miracles,mundane,transformation"
DREAM195,29,Male,Musician,Melancholic,"Playing a song that made plants grow faster. The garden thrived to my melodies.",1994-07-01,Cancer,Creativity,Joyful,"song,plants,garden,melodies"
DREAM196,52,Female,Writer,Contemplative,"Writing the story of the universe from inside it. I was both author and character.",1971-11-16,Scorpio,Spiritual,Wonder,"story,universe,author,character"
DREAM197,38,Male,Doctor,Dedicated,"Healing the divide between science and soul. Integration was the ultimate medicine.",1985-04-12,Aries,Career,Peaceful,"science,soul,integration,medicine"
DREAM198,35,Female,Teacher,Patient,"Teaching children to dream new worlds. They built futures we couldn't imagine.",1988-02-25,Pisces,Spiritual,Inspired,"children,dreams,worlds,futures"
DREAM199,44,Male,Entrepreneur,Driven,"Creating a business that measured success in happiness. The model worked better than any other.",1979-08-30,Virgo,Ambition,Exciting,"business,success,happiness,model"
DREAM200,31,Female,Dancer,Expressive,"Dancing through a fire of transformation. The flames didn't burn; they purified.",1992-12-03,Sagittarius,Transformation,Empowered,"dancing,fire,transformation,purify"
DREAM201,26,Male,Student,Anxious,"Flying above a city of expectations. The higher I flew, the smaller they seemed.",1997-04-17,Aries,Fear,Peaceful,"flying,city,expectations,smaller"
DREAM202,49,Female,Grandmother,Wise,"Spinning threads of connection between all beings. I saw how everything was related.",1974-03-23,Aries,Spiritual,Peaceful,"threads,connection,beings,related"
DREAM203,36,Male,Programmer,Focused,"Coding a program that understood emotions. It responded with perfect empathy.",1987-09-29,Libra,Ambition,Wonder,"program,emotions,empathy,understanding"
DREAM204,42,Female,Artist,Creative,"Painting with starlight on the canvas of night. Each stroke created a new constellation.",1981-01-06,Capricorn,Creativity,Wonder,"starlight,canvas,stroke,constellation"
DREAM205,30,Male,Therapist,Empathetic,"Creating a space where shadow selves could emerge. Once seen, they became allies.",1993-06-11,Gemini,Spiritual,Peaceful,"space,shadow,selves,allies"
DREAM206,54,Female,Healer,Compassionate,"Laying hands on the wounded earth. Where I touched, forests regrew and rivers ran clear.",1969-12-25,Capricorn,Spiritual,Peaceful,"hands,earth,forests,rivers"
DREAM207,39,Male,Architect,Creative,"Designing buildings that grew from seeds. Each structure was a living organism.",1984-02-17,Aquarius,Ambition,Creative,"buildings,seeds,organism,living"
DREAM208,32,Female,Doctor,Dedicated,"Healing with stories instead of prescriptions. Each narrative contained its own cure.",1991-08-07,Leo,Career,Peaceful,"stories,prescriptions,narrative,cure"
DREAM209,27,Male,Musician,Melancholic,"Playing a piano that played itself. The music was older than time.",1996-11-13,Scorpio,Creativity,Wonder,"piano,music,time,older"
DREAM210,50,Female,Writer,Contemplative,"Writing a book that wrote itself. I was just the channel for something larger.",1973-05-10,Taurus,Creativity,Peaceful,"book,writing,channel,larger"
DREAM211,41,Male,Engineer,Analytical,"Building a machine that visualized love. It was the most beautiful thing anyone had seen.",1982-09-24,Libra,Ambition,Wonder,"machine,love,visualized,beautiful"
DREAM212,34,Female,Nurse,Caring,"Holding hands with everyone who felt alone. Together we created a chain of healing.",1989-12-13,Sagittarius,Spiritual,Peaceful,"hands,alone,chain,healing"
DREAM213,29,Male,Entrepreneur,Driven,"Creating a marketplace for kindness. Everyone traded in compassion and understanding.",1994-04-28,Taurus,Ambition,Exciting,"marketplace,kindness,compassion,trading"
DREAM214,48,Female,Environmentalist,Passionate,"Talking to the ocean who remembered being pure. We worked together to restore her health.",1975-07-04,Cancer,Spiritual,Peaceful,"ocean,remembering,pure,restore"
DREAM215,37,Male,Artist,Creative,"Sculpting with emotions instead of clay. The forms were fluid and ever-changing.",1986-10-23,Scorpio,Creativity,Wonder,"sculpting,emotions,forms,changing"
DREAM216,31,Female,Teacher,Patient,"Teaching stars how to navigate the night sky. They learned to guide travelers home.",1992-02-04,Aquarius,Spiritual,Peaceful,"stars,navigate,guide,travelers"
DREAM217,45,Male,Chef,Passionate,"Cooking meals that tasted like memories. Each bite brought back forgotten moments.",1978-05-28,Gemini,Family,Joyful,"meals,memories,bite,moments"
DREAM218,33,Female,Dancer,Energetic,"Dancing with gravity itself. We played with weight and weightlessness.",1990-11-19,Scorpio,Spiritual,Joyful,"dancing,gravity,weight,weightlessness"
DREAM219,52,Male,Grandfather,Wise,"Weaving stories into blankets that kept families warm. Each thread was a remembered moment.",1971-01-07,Capricorn,Family,Peaceful,"weaving,stories,blankets,warm"
DREAM220,40,Female,Psychologist,Curious,"Analyzing dreams of the earth. She dreamed of being whole again.",1983-08-16,Leo,Spiritual,Peaceful,"dreams,earth,whole,dreaming"
DREAM221,28,Male,Student,Confused,"Walking through mirrors that showed other versions of myself. We all waved at each other.",1995-03-19,Pisces,Spiritual,Wonder,"mirrors,versions,waved,selves"
DREAM222,49,Female,Artist,Creative,"Painting with impossible colors. The canvas showed things that couldn't exist.",1974-09-10,Virgo,Creativity,Wonder,"painting,colors,canvas,impossible"
DREAM223,35,Male,Doctor,Dedicated,"Healing the divide between past and future. Integration brought peace to both.",1988-06-04,Gemini,Career,Peaceful,"divide,past,future,integration"
DREAM224,43,Female,Writer,Inspired,"Writing poetry that plants could understand. The garden responded with blooms.",1980-03-30,Aries,Creativity,Joyful,"poetry,plants,responded,blooms"
DREAM225,30,Male,Programmer,Focused,"Coding a language of pure intention. The program manifested whatever was needed.",1993-09-25,Libra,Ambition,Wonder,"language,intention,program,manifested"
DREAM226,38,Female,Nurse,Caring,"Holding space for grief to transform. Each tear became a seed of new life.",1985-05-12,Taurus,Spiritual,Peaceful,"space,grief,tear,seed"
DREAM227,46,Male,Architect,Creative,"Designing cities that were also gardens. People lived in harmony with nature.",1977-11-29,Sagittarius,Ambition,Creative,"cities,gardens,nature,harmony"
DREAM228,32,Female,Dancer,Expressive,"Dancing through a forest of possibilities. Each tree was a choice I could make.",1991-07-08,Cancer,Spiritual,Joyful,"dancing,forest,possibilities,choices"
DREAM229,51,Male,Teacher,Patient,"Teaching the universe to listen. It heard us and responded with miracles.",1972-04-02,Aries,Spiritual,Peaceful,"universe,listen,responded,miracles"
DREAM230,36,Female,Entrepreneur,Driven,"Creating businesses that healed communities. The model spread across the world.",1987-12-19,Sagittarius,Ambition,Inspired,"businesses,healing,communities,model"
DREAM231,29,Male,Musician,Melancholic,"Playing a song that mended broken relationships. Each note brought people together.",1994-02-11,Aquarius,Creativity,Peaceful,"song,mending,relationships,note"
DREAM232,47,Female,Environmentalist,Passionate,"Communicating with trees who remembered when humans were kind. We promised to remember again.",1976-10-07,Libra,Spiritual,Peaceful,"trees,remembered,humans,promise"
DREAM233,34,Male,Engineer,Analytical,"Building bridges between heart and mind. The structure allowed wisdom to flow both ways.",1989-05-15,Taurus,Ambition,Inspired,"bridges,heart,mind,wisdom"
DREAM234,42,Female,Artist,Creative,"Creating art that changed based on the observer's state. Each viewing was unique.",1981-01-23,Aquarius,Creativity,Wonder,"art,observer,state,unique"
DREAM235,27,Male,Student,Curious,"Exploring libraries where books wrote themselves as I read. Each page was new.",1996-06-29,Cancer,Spiritual,Wonder,"libraries,books,wrote,reading"
DREAM236,53,Female,Grandmother,Wise,"Spinning wisdom into threads that could heal. The blankets I made cured sorrow.",1970-08-13,Leo,Family,Peaceful,"wisdom,threads,healing,blankets"
DREAM237,39,Male,Therapist,Empathetic,"Creating spaces where trauma could speak and transform. Each story became a gift.",1984-11-07,Scorpio,Spiritual,Peaceful,"spaces,trauma,transform,story"
DREAM238,31,Female,Doctor,Dedicated,"Healing with the medicine of presence. Just being there was enough to cure.",1992-03-22,Aries,Career,Peaceful,"healing,medicine,presence,enough"
DREAM239,45,Male,Chef,Passionate,"Cooking meals that brought families together. The table was a place of reconciliation.",1978-07-25,Leo,Family,Joyful,"meals,families,table,reconciliation"
DREAM240,33,Female,Writer,Creative,"Writing stories that healed the author as they were written. The process was the cure.",1990-12-01,Sagittarius,Creativity,Peaceful,"stories,healing,author,process"
DREAM241,50,Male,Retired,Reflective,"Watching life as a film I could re-enter. I visited favorite scenes and stayed longer.",1973-06-18,Gemini,Reflective,Peaceful,"life,film,scenes,visiting"
DREAM242,37,Female,Psychologist,Curious,"Analyzing dreams of the collective. We were all dreaming the same solution.",1986-02-09,Aquarius,Spiritual,Wonder,"dreams,collective,solution,same"
DREAM243,29,Male,Athlete,Determined,"Competing in games where winning meant helping others cross the finish line first.",1994-08-05,Leo,Transformation,Empowered,"games,winning,helping,finish"
DREAM244,44,Female,Nurse,Caring,"Holding the hands of those transitioning. Each passing taught me about living.",1979-04-24,Taurus,Spiritual,Peaceful,"hands,transitioning,passing,living"
DREAM245,41,Male,Architect,Creative,"Designing buildings that sang with the wind. Each structure had its own voice.",1982-12-16,Sagittarius,Ambition,Creative,"buildings,sang,wind,voice"
DREAM246,32,Female,Dancer,Expressive,"Dancing with ancestors who showed me the future. The dance contained all time.",1991-09-02,Virgo,Spiritual,Joyful,"dancing,ancestors,future,time"
DREAM247,49,Male,Teacher,Patient,"Teaching silence to speak. In the quiet, students found their truth.",1974-01-27,Aquarius,Spiritual,Peaceful,"silence,speak,students,truth"
DREAM248,35,Female,Entrepreneur,Driven,"Creating a currency of connection. The economy flourished with relationships.",1988-11-11,Scorpio,Ambition,Exciting,"currency,connection,economy,relationships"
DREAM249,28,Male,Musician,Melancholic,"Playing a song that made the universe listen. In the silence after, it spoke back.",1995-05-05,Taurus,Creativity,Wonder,"song,universe,listen,silence"
DREAM250,52,Female,Writer,Contemplative,"Writing letters to the stars. They wrote back with light and guidance.",1971-10-22,Libra,Spiritual,Peaceful,"letters,stars,light,guidance"  dream_id,age,gender,profession,emotional_state,dream_description,birth_date,zodiac_sign,dream_category,dream_mood,symbols_identified
DREAM251,34,Male,Software Developer,Calm,"A river of stars flowed through my bedroom. I floated on it and visited galaxies where time moved backwards.",1989-06-15,Gemini,Spiritual,Peaceful,"river,stars,galaxies,time"
DREAM252,29,Female,Marketing Executive,Stressed,"My laptop grew wings and flew away. I chased it through clouds made of spreadsheets and social media posts.",1994-03-10,Pisces,Stress,Anxious,"laptop,wings,clouds,spreadsheets"
DREAM253,41,Male,Plumber,Grounded,"Fixing pipes that carried emotions instead of water. Every leak I fixed made someone in the world feel lighter.",1982-08-22,Leo,Career,Peaceful,"pipes,water,emotions,leaks"
DREAM254,33,Female,Psychiatrist,Curious,"A patient in my dream was the universe itself. Its symptoms were wars, its healing was love.",1990-12-05,Sagittarius,Spiritual,Wonder,"patient,universe,wars,love"
DREAM255,26,Male,Delivery Driver,Tired,"Driving endlessly through neighborhoods I'd never seen. Each house had a light on, waiting for someone to come home.",1997-04-18,Aries,Reflective,Peaceful,"driving,neighborhoods,houses,lights"
DREAM256,47,Female,Architect,Inspired,"Drawing buildings that could walk. They migrated with seasons, following the sun and settling where warmth was needed.",1976-09-30,Libra,Creativity,Exciting,"buildings,walking,migration,sun"
DREAM257,38,Male,Police Officer,Alert,"My badge turned into a mirror. Every suspect I saw was a version of myself I hadn't yet forgiven.",1985-01-12,Capricorn,Spiritual,Reflective,"badge,mirror,suspect,forgiveness"
DREAM258,31,Female,Chef,Passionate,"I cooked a meal that tasted like childhood. My grandmother appeared and taught me recipes lost to time.",1992-07-25,Cancer,Family,Joyful,"cooking,childhood,grandmother,recipes"
DREAM259,44,Male,Musician,Melancholic,"My guitar strings were made of moonlight. When I played, shadows danced and told stories of forgotten loves.",1979-11-08,Scorpio,Creativity,Sad,"guitar,moonlight,shadows,stories"
DREAM260,28,Female,Nurse,Compassionate,"I grew wings made of bandages. Flying over hospitals, I dropped healing light into every room.",1995-05-20,Taurus,Career,Peaceful,"wings,bandages,hospitals,light"
DREAM261,52,Male,Retired,Reflective,"My life appeared as a book I could edit. I rewrote painful chapters, but the story remained true.",1971-08-14,Leo,Spiritual,Peaceful,"book,chapters,editing,story"
DREAM262,30,Female,Graphic Designer,Frustrated,"Colors refused to obey. Red became sadness, blue became anger, and I had to learn their true meanings.",1993-10-02,Libra,Creativity,Confused,"colors,obey,meanings,learning"
DREAM263,39,Male,Construction Worker,Tired,"Building a staircase to the moon. Each step was a day of my life, and I was almost there.",1984-03-17,Pisces,Ambition,Determined,"staircase,moon,steps,days"
DREAM264,35,Female,Lawyer,Anxious,"The courtroom was underwater. Words came out as bubbles, and truth floated to the surface slowly.",1988-07-09,Cancer,Career,Anxious,"courtroom,water,bubbles,truth"
DREAM265,27,Male,Student,Excited,"I discovered a door in my textbook that led to a world where knowledge was alive and spoke to me.",1996-01-30,Aquarius,Spiritual,Joyful,"door,textbook,knowledge,speaking"
DREAM266,46,Female,Therapist,Nurturing,"I held a seed that contained all my clients' hopes. It grew into a tree that bore fruit for everyone.",1977-05-22,Gemini,Spiritual,Peaceful,"seed,tree,hopes,fruit"
DREAM267,33,Male,Firefighter,Brave,"I fought fires that burned with loneliness. Each flame I extinguished revealed someone ready to connect.",1990-09-13,Virgo,Career,Brave,"fires,loneliness,flames,connection"
DREAM268,42,Female,Writer,Creative,"Words flowed from my fingers like rivers. They carved canyons of meaning that became homes for lost ideas.",1981-12-18,Sagittarius,Creativity,Joyful,"words,rivers,canyons,ideas"
DREAM269,29,Male,Athlete,Determined,"I ran a race where time was the opponent. Each second I saved became a gift I could give to someone.",1994-04-27,Taurus,Ambition,Empowered,"race,time,seconds,gifts"
DREAM270,37,Female,Teacher,Patient,"My students were stars learning to constellate. I helped them find their place in the universe.",1986-10-31,Scorpio,Spiritual,Peaceful,"students,stars,constellate,universe"
DREAM271,48,Male,Farmer,Grounded,"My crops grew answers to questions I hadn't asked. The harvest was wisdom I'd been seeking.",1975-02-03,Aquarius,Spiritual,Wonder,"crops,answers,harvest,wisdom"
DREAM272,31,Female,Dancer,Expressive,"My body became liquid light. I flowed through impossible shapes, painting the air with movement.",1992-11-19,Scorpio,Creativity,Joyful,"body,liquid,light,movement"
DREAM273,43,Male,Scientist,Curious,"I discovered a particle that was pure curiosity. It split into questions that explored themselves.",1980-06-25,Cancer,Spiritual,Wonder,"particle,curiosity,questions,exploring"
DREAM274,26,Female,Social Worker,Empathetic,"I held a bridge that connected two hearts. The bridge was made of words unsaid but finally spoken.",1997-03-11,Pisces,Relationships,Peaceful,"bridge,hearts,words,connection"
DREAM275,50,Male,Accountant,Stressed,"Numbers came alive and demanded meaning. They were tired of being just numbers.",1973-07-17,Cancer,Stress,Anxious,"numbers,alive,meaning,tired"
DREAM276,34,Female,Artist,Inspired,"I painted with starlight on canvas of night. The painting became a new constellation.",1989-01-23,Aquarius,Creativity,Wonder,"starlight,canvas,night,constellation"
DREAM277,28,Male,Programmer,Focused,"I coded a program that dreamed. Its dreams were beautiful, and I learned what machines long for.",1995-09-05,Virgo,Spiritual,Wonder,"program,dreams,machines,longing"
DREAM278,45,Female,Doctor,Compassionate,"I performed surgery on time itself. Removing blockages allowed healing to flow to the past.",1978-04-29,Taurus,Career,Peaceful,"surgery,time,blockages,healing"
DREAM279,32,Male,Chef,Creative,"I cooked with emotions. Joy was sweet, sorrow was salty, and love was every flavor.",1991-08-12,Leo,Creativity,Joyful,"cooking,emotions,flavors,love"
DREAM280,39,Female,Journalist,Determined,"I chased a story that was chasing me. We were both seeking truth, which hid in plain sight.",1984-12-09,Sagittarius,Career,Determined,"story,chasing,truth,hiding"
DREAM281,41,Male,Architect,Inspired,"I designed cities that breathed with the earth. Buildings had roots, and streets were rivers.",1982-05-14,Taurus,Ambition,Creative,"cities,buildings,roots,rivers"
DREAM282,27,Female,Nurse,Tired,"I grew extra hands to hold all the pain. Each hand learned to transform suffering into peace.",1996-08-21,Leo,Career,Peaceful,"hands,pain,suffering,peace"
DREAM283,36,Male,Entrepreneur,Driven,"I built a company that sold time. People bought moments to spend with loved ones.",1987-11-03,Scorpio,Ambition,Exciting,"company,time,moments,loved"
DREAM284,44,Female,Teacher,Patient,"My classroom was a garden. Each student was a seed growing at their own pace.",1979-02-27,Pisces,Spiritual,Peaceful,"classroom,garden,seeds,growing"
DREAM285,30,Male,Musician,Melancholic,"My music made statues weep. Their tears became rivers that carved new valleys.",1993-06-16,Gemini,Creativity,Sad,"music,statues,tears,rivers"
DREAM286,52,Female,Therapist,Wise,"I sat in a circle with all my past selves. We forgave each other and became whole.",1971-09-09,Virgo,Spiritual,Peaceful,"circle,selves,forgiveness,whole"
DREAM287,29,Male,Student,Confused,"My reflection stepped out of the mirror and offered to trade places. I saw my life from outside.",1994-02-25,Pisces,Fear,Confused,"reflection,mirror,trade,outside"
DREAM288,47,Male,Mechanic,Grounded,"I fixed engines that ran on broken promises. Each repair restored trust.",1976-10-14,Libra,Career,Peaceful,"engines,promises,repair,trust"
DREAM289,33,Female,Writer,Inspired,"I wrote a story that wrote itself into reality. Characters became people I'd later meet.",1990-04-07,Aries,Creativity,Wonder,"story,reality,characters,meeting"
DREAM290,38,Male,Pilot,Adventurous,"I flew through clouds that were memories. Each cloud I entered showed me a forgotten moment.",1985-12-22,Capricorn,Spiritual,Peaceful,"clouds,memories,moments,forgotten"
DREAM291,25,Female,Dancer,Energetic,"I danced with gravity. We played with weight and lightness, creating orbits around the sun.",1998-07-13,Cancer,Creativity,Joyful,"dancing,gravity,weight,orbits"
DREAM292,42,Male,Scientist,Curious,"I discovered that atoms dream. Their dreams are worlds, and we live in one of them.",1981-03-29,Aries,Spiritual,Wonder,"atoms,dreams,worlds,living"
DREAM293,35,Female,Lawyer,Confident,"I argued a case for magic in the mundane. The jury agreed that wonder is a right.",1988-09-17,Virgo,Spiritual,Empowered,"case,magic,mundane,wonder"
DREAM294,49,Male,Chef,Passionate,"I cooked for ancestors who visited from the past. Each dish was a conversation across time.",1974-01-05,Capricorn,Family,Joyful,"cooking,ancestors,dish,conversation"
DREAM295,31,Female,Psychologist,Curious,"I analyzed my own dreams and found a universe inside. Each symbol was a galaxy.",1992-10-23,Scorpio,Spiritual,Wonder,"dreams,universe,symbols,galaxy"
DREAM296,27,Male,Athlete,Determined,"I competed in games where winning meant helping others finish. Everyone crossed the line together.",1996-05-09,Taurus,Transformation,Empowered,"games,winning,helping,finish"
DREAM297,45,Female,Artist,Creative,"I sculpted with shadow. The forms were visible only in darkness, revealing themselves at night.",1978-08-30,Virgo,Creativity,Wonder,"sculpting,shadow,darkness,night"
DREAM298,36,Male,Doctor,Dedicated,"I healed wounds that were invisible. Each patient glowed brighter when their pain was seen.",1987-03-24,Aries,Career,Peaceful,"wounds,invisible,patients,glowing"
DREAM299,53,Female,Grandmother,Wise,"I spun threads of memory into blankets. Each blanket held the warmth of forgotten stories.",1970-11-16,Scorpio,Family,Peaceful,"threads,memory,blankets,stories"
DREAM300,34,Male,Engineer,Analytical,"I built a machine that measured love. The readings were infinite.",1989-07-02,Cancer,Spiritual,Wonder,"machine,measure,love,infinite"
DREAM301,28,Female,Teacher,Anxious,"My students turned into birds and flew away. I called them back with lessons about home.",1995-12-14,Sagittarius,Fear,Anxious,"students,birds,flying,home"
DREAM302,43,Male,Writer,Reflective,"I wrote letters to my future self. She wrote back with gratitude for the journey.",1980-05-19,Taurus,Spiritual,Peaceful,"letters,future,gratitude,journey"
DREAM303,32,Female,Nurse,Compassionate,"I held the universe in my hands. It was smaller than I expected, and infinitely more precious.",1991-09-27,Libra,Spiritual,Peaceful,"universe,hands,small,precious"
DREAM304,39,Male,Entrepreneur,Driven,"I started a revolution of kindness. It spread faster than any virus, healing everything.",1984-01-04,Capricorn,Ambition,Exciting,"revolution,kindness,virus,healing"
DREAM305,26,Female,Student,Excited,"I found a library in my mind. Each book was a life I could live if I chose.",1997-08-11,Leo,Spiritual,Joyful,"library,mind,books,lives"
DREAM306,48,Male,Architect,Creative,"I designed homes for homeless dreams. Each dream found a place to rest and grow.",1975-04-23,Taurus,Spiritual,Peaceful,"homes,dreams,rest,grow"
DREAM307,33,Female,Therapist,Empathetic,"I created a space where trauma could speak. Once heard, it transformed into wisdom.",1990-12-29,Capricorn,Spiritual,Peaceful,"space,trauma,speak,wisdom"
DREAM308,29,Male,Musician,Melancholic,"I played a song that made time stop. In the pause, everyone found peace.",1994-03-15,Pisces,Creativity,Peaceful,"song,time,pause,peace"
DREAM309,41,Female,Lawyer,Confident,"I defended the right to dream. The judge ruled that imagination is essential.",1982-10-08,Libra,Career,Empowered,"right,dream,judge,imagination"
DREAM310,37,Male,Scientist,Curious,"I discovered a particle of pure joy. It multiplied when shared.",1986-06-21,Gemini,Spiritual,Joyful,"particle,joy,multiplied,shared"
DREAM311,30,Female,Dancer,Energetic,"I danced with my shadow self. We merged and became whole.",1993-01-17,Capricorn,Transformation,Peaceful,"dancing,shadow,merged,whole"
DREAM312,44,Male,Teacher,Patient,"I taught silence to speak. In the quiet, students found their voice.",1979-09-05,Virgo,Spiritual,Peaceful,"silence,speak,students,voice"
DREAM313,27,Female,Artist,Creative,"I painted with impossible colors. The canvas showed things that couldn't exist.",1996-11-28,Sagittarius,Creativity,Wonder,"painting,colors,canvas,impossible"
DREAM314,52,Male,Farmer,Grounded,"My fields grew understanding. Each plant was an insight I'd been seeking.",1971-07-09,Cancer,Spiritual,Peaceful,"fields,understanding,plants,insight"
DREAM315,35,Female,Doctor,Dedicated,"I performed surgery on fear. Removing it revealed courage beneath.",1988-05-23,Gemini,Career,Brave,"surgery,fear,courage,beneath"
DREAM316,31,Male,Programmer,Focused,"I coded a world where everyone could fly. The physics was powered by belief.",1992-02-08,Aquarius,Ambition,Exciting,"coding,world,fly,belief"
DREAM317,46,Female,Environmentalist,Passionate,"I talked to rivers that remembered being oceans. They taught me about patience.",1977-12-02,Sagittarius,Spiritual,Peaceful,"rivers,oceans,patience,remembering"
DREAM318,38,Male,Chef,Creative,"I cooked with memories. Each dish transported people to moments they'd forgotten.",1985-04-14,Aries,Family,Joyful,"cooking,memories,dish,forgotten"
DREAM319,29,Female,Writer,Reflective,"I wrote a story that healed everyone who read it. Words were medicine.",1994-08-26,Virgo,Creativity,Peaceful,"story,healing,words,medicine"
DREAM320,42,Male,Firefighter,Brave,"I walked through fire that didn't burn. It showed me truths hidden in smoke.",1981-11-11,Scorpio,Spiritual,Brave,"fire,burn,truths,smoke"
DREAM321,33,Female,Psychologist,Curious,"I analyzed the collective dream of humanity. We were all dreaming of peace.",1990-06-19,Gemini,Spiritual,Wonder,"dreams,humanity,peace,dreaming"
DREAM322,50,Male,Retired,Reflective,"I revisited moments I'd rushed through. Each one held beauty I'd missed.",1973-02-27,Pisces,Reflective,Peaceful,"moments,rushed,beauty,missed"
DREAM323,28,Male,Athlete,Determined,"I ran a race against my former self. Winning meant growing.",1995-10-04,Libra,Transformation,Empowered,"race,former,winning,growing"
DREAM324,36,Female,Teacher,Patient,"My students were seeds learning to grow. I taught them to trust their timing.",1987-03-19,Pisces,Spiritual,Peaceful,"students,seeds,growing,timing"
DREAM325,43,Male,Architect,Creative,"I built bridges between past and future. The structure was made of present moments.",1980-07-07,Cancer,Ambition,Creative,"bridges,past,future,present"
DREAM326,25,Female,Nurse,Caring,"I held the hands of everyone who felt alone. Together we were enough.",1998-12-23,Capricorn,Relationships,Peaceful,"hands,alone,together,enough"
DREAM327,49,Male,Scientist,Curious,"I discovered that consciousness is shared. We are all dreaming each other.",1974-09-18,Virgo,Spiritual,Wonder,"consciousness,shared,dreaming,each"
DREAM328,32,Female,Artist,Inspired,"I sculpted with light. The forms were visible only when eyes were closed.",1991-04-02,Aries,Creativity,Wonder,"sculpting,light,visible,closed"
DREAM329,40,Male,Entrepreneur,Driven,"I created a currency of kindness. The economy thrived on generosity.",1983-08-08,Leo,Ambition,Exciting,"currency,kindness,economy,generosity"
DREAM330,34,Female,Therapist,Empathetic,"I held space for grief to transform. Each tear became a seed.",1989-11-14,Scorpio,Spiritual,Peaceful,"space,grief,tear,seed"
DREAM331,27,Male,Musician,Melancholic,"I played a song that made flowers grow in winter. The garden was hope.",1996-02-29,Pisces,Creativity,Joyful,"song,flowers,winter,hope"
DREAM332,45,Female,Lawyer,Confident,"I argued for the impossible. The court ruled that magic is real.",1978-06-03,Gemini,Spiritual,Empowered,"impossible,court,magic,real"
DREAM333,39,Male,Engineer,Analytical,"I built a machine that dreams. Its dreams are becoming our reality.",1984-10-27,Scorpio,Spiritual,Wonder,"machine,dreams,reality,becoming"
DREAM334,31,Female,Dancer,Expressive,"I danced through dimensions of emotion. Each movement revealed a new feeling.",1992-05-11,Taurus,Spiritual,Joyful,"dancing,dimensions,emotion,feeling"
DREAM335,48,Male,Writer,Contemplative,"I wrote the universe into existence. Words became worlds.",1975-01-22,Aquarius,Creativity,Wonder,"universe,existence,words,worlds"
DREAM336,29,Female,Doctor,Compassionate,"I healed with presence. Just being there was medicine.",1994-07-18,Cancer,Career,Peaceful,"healing,presence,being,medicine"
DREAM337,41,Male,Chef,Passionate,"I cooked a meal that brought enemies together. The table was reconciliation.",1982-03-12,Pisces,Family,Joyful,"meal,enemies,table,reconciliation"
DREAM338,37,Female,Teacher,Patient,"I taught stars to navigate. They became guides for lost souls.",1986-12-07,Sagittarius,Spiritual,Peaceful,"stars,navigate,guides,souls"
DREAM339,30,Male,Programmer,Focused,"I coded a language of love. The program responded with infinite compassion.",1993-08-23,Leo,Ambition,Wonder,"language,love,program,compassion"
DREAM340,44,Female,Environmentalist,Passionate,"I spoke with the earth's heart. It beat in rhythm with all life.",1979-04-09,Aries,Spiritual,Peaceful,"earth,heart,rhythm,life"
DREAM341,26,Male,Student,Curious,"I explored dreams within dreams. Each layer held deeper truth.",1997-09-15,Virgo,Spiritual,Wonder,"dreams,layers,truth,deeper"
DREAM342,52,Female,Grandmother,Wise,"I spun stories that healed the future. Each tale planted wisdom.",1971-05-28,Gemini,Family,Peaceful,"stories,future,wisdom,planting"
DREAM343,35,Male,Athlete,Determined,"I competed in games of connection. Winning meant understanding.",1988-01-11,Capricorn,Transformation,Empowered,"games,connection,winning,understanding"
DREAM344,42,Female,Artist,Creative,"I painted with emotions. Joy was yellow, sadness blue, love all colors.",1981-07-26,Leo,Creativity,Joyful,"painting,emotions,colors,love"
DREAM345,33,Male,Therapist,Empathetic,"I created space for shadows to emerge. They became allies.",1990-10-09,Libra,Spiritual,Peaceful,"space,shadows,emerge,allies"
DREAM346,47,Female,Nurse,Caring,"I held the dying and learned about living. Each passing was a teaching.",1976-03-14,Pisces,Spiritual,Peaceful,"dying,living,passing,teaching"
DREAM347,29,Male,Musician,Melancholic,"I played a song that mended hearts. Each note stitched wounds.",1994-11-30,Sagittarius,Creativity,Peaceful,"song,mending,hearts,wounds"
DREAM348,38,Male,Scientist,Curious,"I discovered that time is a dream. We can wake up to eternity.",1985-02-05,Aquarius,Spiritual,Wonder,"time,dream,wake,eternity"
DREAM349,31,Female,Writer,Inspired,"I wrote a story that wrote itself. I was just the channel.",1992-12-13,Sagittarius,Creativity,Peaceful,"story,writing,channel,itself"
DREAM350,43,Male,Architect,Creative,"I designed cities that sang. Each building had its own melody.",1980-08-16,Leo,Ambition,Creative,"cities,sang,buildings,melody"
DREAM351,27,Female,Dancer,Energetic,"I danced with the wind. We choreographed storms that brought rain.",1996-06-04,Gemini,Spiritual,Joyful,"dancing,wind,storms,rain"
DREAM352,50,Male,Retired,Reflective,"I watched my life as a film. I appreciated scenes I'd rushed.",1973-10-30,Scorpio,Reflective,Peaceful,"life,film,scenes,appreciated"
DREAM353,34,Female,Doctor,Dedicated,"I healed the divide between mind and body. Integration was cure.",1989-02-18,Aquarius,Career,Peaceful,"divide,mind,body,integration"
DREAM354,40,Male,Entrepreneur,Driven,"I built a business that served the planet. Profit was healing.",1983-09-22,Virgo,Ambition,Inspired,"business,planet,profit,healing"
DREAM355,28,Female,Teacher,Patient,"I taught silence to speak. In quiet, students found truth.",1995-04-04,Aries,Spiritual,Peaceful,"silence,speak,students,truth"
DREAM356,45,Male,Chef,Passionate,"I cooked with ancestral recipes. Each dish was a conversation across time.",1978-12-19,Sagittarius,Family,Joyful,"cooking,ancestral,recipes,conversation"
DREAM357,32,Female,Psychologist,Curious,"I analyzed dreams of animals. They dreamed of being free.",1991-01-28,Aquarius,Spiritual,Wonder,"dreams,animals,free,dreaming"
DREAM358,39,Male,Engineer,Analytical,"I built bridges between science and soul. The structure was wisdom.",1984-07-03,Cancer,Ambition,Inspired,"bridges,science,soul,wisdom"
DREAM359,26,Female,Student,Excited,"I found a door in my mind to infinite libraries. Each book a life.",1997-12-09,Sagittarius,Spiritual,Joyful,"door,mind,libraries,books"
DREAM360,49,Male,Farmer,Grounded,"My fields grew understanding. Each plant was insight I'd sought.",1974-05-21,Gemini,Spiritual,Peaceful,"fields,understanding,plants,insight"
DREAM361,33,Female,Artist,Creative,"I sculpted with starlight. The forms were galaxies forming.",1990-08-04,Leo,Creativity,Wonder,"sculpting,starlight,forms,galaxies"
DREAM362,41,Male,Firefighter,Brave,"I walked through memories that burned. Each one taught forgiveness.",1982-11-27,Sagittarius,Spiritual,Brave,"memories,burned,taught,forgiveness"
DREAM363,30,Female,Nurse,Caring,"I held space for miracles. In the mundane, magic happened.",1993-03-12,Pisces,Spiritual,Peaceful,"space,miracles,mundane,magic"
DREAM364,37,Male,Writer,Contemplative,"I wrote letters to the universe. It wrote back with stars.",1986-09-01,Virgo,Spiritual,Peaceful,"letters,universe,stars,wrote"
DREAM365,44,Female,Therapist,Empathetic,"I created a circle of healing. All wounds became wisdom.",1979-06-14,Gemini,Spiritual,Peaceful,"circle,healing,wounds,wisdom"
DREAM366,29,Male,Musician,Melancholic,"I played a piano that wept. The tears became a river of song.",1994-04-22,Taurus,Creativity,Sad,"piano,wept,tears,river"
DREAM367,52,Male,Grandfather,Wise,"I told stories that planted seeds. The future grew from them.",1971-08-07,Leo,Family,Peaceful,"stories,seeds,future,grew"
DREAM368,35,Female,Doctor,Dedicated,"I performed surgery on grief. Removing it revealed joy beneath.",1988-11-14,Scorpio,Career,Peaceful,"surgery,grief,joy,beneath"
DREAM369,31,Male,Programmer,Focused,"I coded a world without suffering. The code was compassion.",1992-09-26,Libra,Ambition,Wonder,"coding,world,suffering,compassion"
DREAM370,46,Female,Environmentalist,Passionate,"I talked to trees that remembered. They taught me to listen.",1977-01-19,Capricorn,Spiritual,Peaceful,"trees,remembered,taught,listen"
DREAM371,28,Female,Dancer,Energetic,"I danced through fire that purified. Each step transformed fear.",1995-07-11,Cancer,Transformation,Empowered,"dancing,fire,purified,fear"
DREAM372,43,Male,Architect,Creative,"I designed buildings that breathed. Architecture was alive.",1980-12-24,Capricorn,Ambition,Creative,"buildings,breathed,architecture,alive"
DREAM373,33,Female,Writer,Inspired,"I wrote a story that healed readers. Words were medicine.",1990-05-07,Taurus,Creativity,Peaceful,"story,healed,words,medicine"
DREAM374,38,Male,Scientist,Curious,"I discovered that love is a force. It holds galaxies together.",1985-10-19,Libra,Spiritual,Wonder,"love,force,galaxies,together"
DREAM375,27,Male,Student,Confused,"My reflection stepped out of the mirror. We traded places to understand.",1996-03-28,Aries,Spiritual,Confused,"reflection,mirror,traded,understand"
DREAM376,48,Female,Teacher,Patient,"I taught stars to find their place. Each one shone brighter.",1975-11-11,Scorpio,Spiritual,Peaceful,"stars,place,shone,brighter"
DREAM377,34,Male,Chef,Passionate,"I cooked with emotions. Each dish was a feeling made edible.",1989-01-06,Capricorn,Creativity,Joyful,"cooking,emotions,dish,edible"
DREAM378,42,Female,Lawyer,Confident,"I argued for the right to dream. The court agreed.",1981-04-19,Aries,Career,Empowered,"right,dream,court,agreed"
DREAM379,29,Male,Athlete,Determined,"I ran a race against time. Winning meant being present.",1994-12-07,Sagittarius,Transformation,Peaceful,"race,time,winning,present"
DREAM380,36,Female,Nurse,Caring,"I held the hands of the forgotten. They remembered they mattered.",1987-08-30,Virgo,Relationships,Peaceful,"hands,forgotten,remembered,mattered"
DREAM381,50,Male,Retired,Reflective,"I revisited my childhood home. It was exactly as I'd left it.",1973-02-14,Aquarius,Reflective,Peaceful,"childhood,home,left,revisited"
DREAM382,31,Female,Artist,Creative,"I painted with moonlight. The images appeared only at night.",1992-10-17,Libra,Creativity,Wonder,"painting,moonlight,images,night"
DREAM383,44,Male,Engineer,Analytical,"I built a machine that understood dreams. It translated symbols into healing.",1979-07-05,Cancer,Spiritual,Wonder,"machine,dreams,symbols,healing"
DREAM384,26,Female,Student,Excited,"I discovered a portal in my textbook. Knowledge was a living world.",1997-01-23,Aquarius,Spiritual,Joyful,"portal,textbook,knowledge,world"
DREAM385,39,Male,Therapist,Empathetic,"I created space for healing. The space itself was the cure.",1984-03-03,Pisces,Spiritual,Peaceful,"space,healing,cure,itself"
DREAM386,47,Female,Writer,Reflective,"I wrote letters to my ancestors. They wrote back with wisdom.",1976-09-19,Virgo,Family,Peaceful,"letters,ancestors,wisdom,wrote"
DREAM387,32,Male,Musician,Melancholic,"I played a song that made time stand still. Everyone found peace.",1991-05-14,Taurus,Creativity,Peaceful,"song,time,still,peace"
DREAM388,41,Female,Doctor,Dedicated,"I healed with stories. Each narrative contained its own cure.",1982-12-08,Sagittarius,Career,Peaceful,"healing,stories,narrative,cure"
DREAM389,28,Male,Entrepreneur,Driven,"I created a currency of compassion. The economy thrived on care.",1995-08-02,Leo,Ambition,Exciting,"currency,compassion,economy,care"
DREAM390,53,Female,Grandmother,Wise,"I spun dreams into blankets. Each one held warmth for the weary.",1970-04-25,Taurus,Family,Peaceful,"dreams,blankets,warmth,weary"
DREAM391,35,Male,Scientist,Curious,"I discovered that we are all dreaming each other. The dream is shared.",1988-07-15,Cancer,Spiritual,Wonder,"dreaming,shared,dream,each"
DREAM392,43,Female,Architect,Creative,"I designed gardens in the sky. Plants grew on clouds.",1980-10-01,Libra,Ambition,Creative,"gardens,sky,plants,clouds"
DREAM393,30,Male,Teacher,Patient,"I taught silence to sing. Students found their voice in quiet.",1993-11-22,Scorpio,Spiritual,Peaceful,"silence,sing,students,voice"
DREAM394,38,Female,Dancer,Energetic,"I danced with my ancestors. Their movements healed generations.",1985-06-27,Cancer,Spiritual,Joyful,"dancing,ancestors,movements,generations"
DREAM395,27,Male,Student,Anxious,"I took a test where answers were within. I just had to listen.",1996-09-08,Virgo,Fear,Peaceful,"test,answers,within,listen"
DREAM396,49,Female,Environmentalist,Passionate,"I talked to the ocean. It remembered being pure.",1974-12-18,Sagittarius,Spiritual,Peaceful,"ocean,remembered,pure,talking"
DREAM397,34,Male,Programmer,Focused,"I coded a reality where everyone had enough. The algorithm was sharing.",1989-04-29,Taurus,Ambition,Wonder,"coding,reality,enough,sharing"
DREAM398,45,Female,Artist,Creative,"I sculpted with dreams. The forms were fluid and alive.",1978-02-11,Aquarius,Creativity,Wonder,"sculpting,dreams,forms,alive"
DREAM399,31,Male,Chef,Passionate,"I cooked a feast for strangers. We became family at the table.",1992-08-15,Leo,Family,Joyful,"feast,strangers,family,table"
DREAM400,52,Male,Retired,Reflective,"I watched the universe expand from within. I was at the center.",1971-12-01,Sagittarius,Spiritual,Wonder,"universe,expand,within,center"
DREAM401,29,Female,Nurse,Caring,"I held the space between life and death. Both were peaceful.",1994-06-09,Gemini,Spiritual,Peaceful,"space,life,death,peaceful"
DREAM402,40,Male,Engineer,Analytical,"I built bridges between heart and mind. Wisdom flowed both ways.",1983-11-16,Scorpio,Ambition,Inspired,"bridges,heart,mind,wisdom"
DREAM403,36,Female,Therapist,Empathetic,"I created a circle where all wounds healed. The circle was love.",1987-05-24,Gemini,Spiritual,Peaceful,"circle,wounds,healed,love"
DREAM404,33,Male,Writer,Inspired,"I wrote a poem that the universe recited. I was just scribing.",1990-02-09,Aquarius,Creativity,Wonder,"poem,universe,recited,scribing"
DREAM405,44,Female,Teacher,Patient,"I taught stars how to shine. Each one found its light.",1979-08-21,Leo,Spiritual,Peaceful,"stars,shine,found,light"
DREAM406,28,Male,Athlete,Determined,"I competed in games of growth. Winning meant becoming more.",1995-03-07,Pisces,Transformation,Empowered,"games,growth,winning,becoming"
DREAM407,50,Female,Doctor,Dedicated,"I healed with presence alone. My attention was medicine.",1973-10-05,Libra,Career,Peaceful,"healing,presence,attention,medicine"
DREAM408,37,Male,Chef,Passionate,"I cooked meals that tasted like love. Everyone felt nourished.",1986-01-20,Capricorn,Family,Joyful,"meals,love,nourished,felt"
DREAM409,31,Female,Dancer,Energetic,"I danced with possibility. Each movement created new realities.",1992-07-29,Leo,Spiritual,Joyful,"dancing,possibility,movement,realities"
DREAM410,42,Male,Scientist,Curious,"I discovered that consciousness is a field. We are all connected.",1981-09-13,Virgo,Spiritual,Wonder,"consciousness,field,connected,are"
DREAM411,26,Female,Student,Excited,"I found a door in my dream that led to waking. The boundary blurred.",1997-11-01,Scorpio,Spiritual,Confused,"door,dream,waking,boundary"
DREAM412,48,Male,Architect,Creative,"I designed cities that floated on clouds. People moved on light.",1975-05-29,Gemini,Ambition,Creative,"cities,floated,clouds,light"
DREAM413,34,Female,Psychologist,Curious,"I analyzed my own dreams and found a universe. Each symbol a galaxy.",1989-12-31,Capricorn,Spiritual,Wonder,"dreams,universe,symbols,galaxy"
DREAM414,39,Male,Entrepreneur,Driven,"I created a business that sold hope. The currency was belief.",1984-08-04,Leo,Ambition,Exciting,"business,hope,currency,belief"
DREAM415,29,Female,Artist,Creative,"I painted with shadows. The images appeared only in darkness.",1994-02-17,Aquarius,Creativity,Wonder,"painting,shadows,images,darkness"
DREAM416,45,Male,Firefighter,Brave,"I fought fires of despair. Each one extinguished revealed hope.",1978-10-23,Scorpio,Spiritual,Brave,"fires,despair,extinguished,hope"
DREAM417,32,Male,Teacher,Patient,"I taught silence to listen. In quiet, answers came.",1991-06-01,Gemini,Spiritual,Peaceful,"silence,listen,quiet,answers"
DREAM418,51,Female,Grandmother,Wise,"I wove stories into blankets. Each thread was a memory.",1972-03-26,Aries,Family,Peaceful,"stories,blankets,thread,memory"
DREAM419,36,Male,Programmer,Focused,"I coded a language of light. The program wrote itself.",1987-11-09,Scorpio,Ambition,Wonder,"language,light,program,wrote"
DREAM420,43,Female,Nurse,Caring,"I held hands with everyone who grieved. Grief transformed to love.",1980-01-14,Capricorn,Spiritual,Peaceful,"hands,grieved,grief,love"
DREAM421,30,Male,Musician,Melancholic,"I played a song that mended time. The past and future healed.",1993-04-20,Taurus,Creativity,Peaceful,"song,mended,time,past"
DREAM422,47,Male,Writer,Contemplative,"I wrote the story of my soul. It was still being written.",1976-12-07,Sagittarius,Spiritual,Peaceful,"story,soul,written,being"
DREAM423,35,Female,Doctor,Dedicated,"I performed surgery on loneliness. Removing it revealed connection.",1988-05-28,Gemini,Career,Peaceful,"surgery,loneliness,revealed,connection"
DREAM424,38,Male,Engineer,Analytical,"I built a machine that captured dreams. They became art.",1985-09-12,Virgo,Creativity,Wonder,"machine,captured,dreams,art"
DREAM425,28,Female,Dancer,Expressive,"I danced through dimensions of time. Past, present, future merged.",1995-01-06,Capricorn,Spiritual,Joyful,"dancing,dimensions,time,merged"
DREAM426,41,Male,Chef,Passionate,"I cooked a meal that brought ancestors to table. We feasted together.",1982-05-18,Taurus,Family,Joyful,"meal,ancestors,table,feasted"
DREAM427,33,Female,Therapist,Empathetic,"I created space for joy to emerge. It was always there.",1990-09-24,Libra,Spiritual,Peaceful,"space,joy,emerge,always"
DREAM428,44,Male,Scientist,Curious,"I discovered that dreams are real. Waking is just another dream.",1979-11-05,Scorpio,Spiritual,Wonder,"dreams,real,waking,dream"
DREAM429,29,Male,Athlete,Determined,"I ran a marathon of understanding. Each mile was insight.",1994-07-31,Leo,Transformation,Peaceful,"marathon,understanding,mile,insight"
DREAM430,52,Female,Artist,Creative,"I sculpted with emotions. The forms were fluid and feeling.",1971-01-10,Capricorn,Creativity,Wonder,"sculpting,emotions,forms,feeling"
DREAM431,37,Male,Entrepreneur,Driven,"I started a movement of kindness. It spread like wildfire.",1986-04-26,Taurus,Ambition,Exciting,"movement,kindness,spread,wildfire"
DREAM432,46,Female,Teacher,Patient,"I taught forests to grow. Each tree was a lesson learned.",1977-02-21,Pisces,Spiritual,Peaceful,"forests,grow,tree,lesson"
DREAM433,31,Male,Programmer,Focused,"I coded a world where everyone belonged. The code was inclusion.",1992-11-03,Scorpio,Ambition,Wonder,"world,belonged,code,inclusion"
DREAM434,40,Female,Nurse,Caring,"I held the universe in my arms. It was lighter than expected.",1983-08-17,Leo,Spiritual,Peaceful,"universe,arms,lighter,expected"
DREAM435,27,Male,Student,Curious,"I explored dreams within dreams. Truth was at the center.",1996-12-12,Sagittarius,Spiritual,Wonder,"dreams,truth,center,explored"
DREAM436,49,Female,Writer,Reflective,"I wrote letters to my younger self. She forgave me everything.",1974-10-08,Libra,Spiritual,Peaceful,"letters,younger,forgave,everything"
DREAM437,34,Male,Musician,Melancholic,"I played a song that made the stars dance. The sky was alive.",1989-06-16,Gemini,Creativity,Joyful,"song,stars,dance,sky"
DREAM438,42,Female,Environmentalist,Passionate,"I talked to rivers that flowed backwards. They taught me about reversal.",1981-03-04,Pisces,Spiritual,Peaceful,"rivers,flowed,backwards,reversal"
DREAM439,38,Male,Architect,Creative,"I designed homes for homeless dreams. Each dream found rest.",1985-07-22,Cancer,Spiritual,Peaceful,"homes,dreams,rest,found"
DREAM440,30,Female,Dancer,Energetic,"I danced with fire that didn't burn. It purified my intentions.",1993-01-29,Aquarius,Transformation,Empowered,"dancing,fire,burn,purified"
DREAM441,45,Male,Doctor,Dedicated,"I healed with laughter. Patients recovered their joy.",1978-04-13,Aries,Career,Joyful,"healing,laughter,patients,joy"
DREAM442,33,Female,Psychologist,Curious,"I analyzed the collective dream. We were dreaming connection.",1990-07-02,Cancer,Spiritual,Wonder,"dreams,collective,connection,dreaming"
DREAM443,50,Male,Retired,Reflective,"I revisited all my choices. Each one led me here.",1973-09-15,Virgo,Reflective,Peaceful,"choices,led,revisited,here"
DREAM444,29,Male,Chef,Passionate,"I cooked with ancestral spices. Each flavor was a story.",1994-03-03,Pisces,Family,Joyful,"cooking,spices,flavor,story"
DREAM445,41,Female,Artist,Creative,"I painted with light from the future. The colors hadn't been invented.",1982-10-30,Scorpio,Creativity,Wonder,"painting,light,future,colors"
DREAM446,36,Male,Engineer,Analytical,"I built a bridge to tomorrow. The structure was made of today.",1987-12-20,Sagittarius,Ambition,Inspired,"bridge,tomorrow,structure,today"
DREAM447,28,Female,Teacher,Patient,"I taught seeds how to grow in darkness. They trusted the process.",1995-08-14,Leo,Spiritual,Peaceful,"seeds,grow,darkness,trust"
DREAM448,47,Male,Writer,Contemplative,"I wrote a story that wrote me back. I became the character.",1976-11-26,Sagittarius,Creativity,Wonder,"story,wrote,character,became"
DREAM449,32,Female,Nurse,Caring,"I held space for miracles. In the ordinary, magic happened.",1991-04-16,Aries,Spiritual,Peaceful,"space,miracles,ordinary,magic"
DREAM450,43,Male,Scientist,Curious,"I discovered that time is circular. We keep meeting ourselves.",1980-06-09,Gemini,Spiritual,Wonder,"time,circular,meeting,ourselves"
DREAM451,39,Female,Therapist,Empathetic,"I created a circle where all truths were welcome. Healing happened.",1984-02-01,Aquarius,Spiritual,Peaceful,"circle,truths,welcome,healing"
DREAM452,31,Male,Athlete,Determined,"I ran a race where everyone finished. Winning was collective.",1992-09-18,Virgo,Transformation,Empowered,"race,finished,winning,collective"
DREAM453,48,Female,Environmentalist,Passionate,"I talked to the wind. It carried messages across the world.",1975-12-12,Sagittarius,Spiritual,Peaceful,"wind,messages,carried,world"
DREAM454,35,Male,Entrepreneur,Driven,"I created a currency of gratitude. The economy flourished.",1988-08-06,Leo,Ambition,Exciting,"currency,gratitude,economy,flourished"
DREAM455,29,Female,Artist,Creative,"I sculpted with silence. The forms were heard, not seen.",1994-10-26,Scorpio,Creativity,Wonder,"sculpting,silence,forms,heard"
DREAM456,44,Male,Teacher,Patient,"I taught stars to navigate darkness. They became guides.",1979-05-31,Gemini,Spiritual,Peaceful,"stars,navigate,darkness,guides"
DREAM457,33,Male,Programmer,Focused,"I coded a language of feeling. The program understood emotions.",1990-03-16,Pisces,Ambition,Wonder,"language,feeling,program,emotions"
DREAM458,40,Female,Doctor,Dedicated,"I healed with stories. Each narrative was medicine.",1983-11-28,Sagittarius,Career,Peaceful,"healing,stories,narrative,medicine"
DREAM459,27,Male,Student,Anxious,"I took an exam where answers were within. I passed by listening.",1996-02-10,Aquarius,Fear,Peaceful,"exam,answers,within,listening"
DREAM460,52,Female,Grandmother,Wise,"I spun memories into light. Each thread illuminated the past.",1971-07-07,Cancer,Family,Peaceful,"memories,light,thread,illuminated"
DREAM461,38,Male,Chef,Passionate,"I cooked a feast for the ancestors. They were hungry for remembrance.",1985-01-18,Capricorn,Family,Joyful,"feast,ancestors,hungry,remembrance"
DREAM462,34,Female,Dancer,Expressive,"I danced through a forest of possibilities. Each tree was a choice.",1989-05-09,Taurus,Spiritual,Joyful,"dancing,forest,possibilities,choice"
DREAM463,41,Male,Architect,Creative,"I designed cities that sang with wind. Each building had a voice.",1982-07-03,Cancer,Ambition,Creative,"cities,sang,wind,building"
DREAM464,30,Male,Musician,Melancholic,"I played a song that healed the earth. The planet sighed with relief.",1993-12-14,Sagittarius,Creativity,Peaceful,"song,healed,earth,sighed"
DREAM465,46,Female,Writer,Reflective,"I wrote poetry that the moon recited. I was just the scribe.",1977-08-29,Virgo,Creativity,Wonder,"poetry,moon,recited,scribe"
DREAM466,37,Male,Scientist,Curious,"I discovered that love is the fabric of reality. Everything is made of it.",1986-10-17,Libra,Spiritual,Wonder,"love,fabric,reality,made"
DREAM467,29,Female,Nurse,Caring,"I held hands with time. We watched moments become memories.",1994-06-22,Cancer,Spiritual,Peaceful,"hands,time,moments,memories"
DREAM468,42,Male,Engineer,Analytical,"I built a machine that dreamed. Its dreams were our future.",1981-09-06,Virgo,Ambition,Wonder,"machine,dreamed,dreams,future"
DREAM469,33,Female,Therapist,Empathetic,"I created space for joy to return. It had been waiting.",1990-11-11,Scorpio,Spiritual,Peaceful,"space,joy,return,waiting"
DREAM470,50,Male,Retired,Reflective,"I watched my life from above. I saw the patterns clearly.",1973-03-19,Pisces,Reflective,Peaceful,"life,above,patterns,clearly"
DREAM471,36,Male,Entrepreneur,Driven,"I started a revolution of compassion. It changed everything.",1987-07-24,Leo,Ambition,Exciting,"revolution,compassion,changed,everything"
DREAM472,43,Female,Artist,Creative,"I painted with emotions from the future. The colors were unknown.",1980-12-02,Sagittarius,Creativity,Wonder,"painting,emotions,future,colors"
DREAM473,31,Male,Athlete,Determined,"I competed in games of connection. Winning meant understanding.",1992-05-05,Taurus,Transformation,Empowered,"games,connection,winning,understanding"
DREAM474,47,Female,Teacher,Patient,"I taught forests to listen. They learned to hear human hearts.",1976-04-28,Taurus,Spiritual,Peaceful,"forests,listen,hear,hearts"
DREAM475,28,Male,Programmer,Focused,"I coded a reality without fear. The code was courage.",1995-09-11,Virgo,Ambition,Wonder,"coding,reality,fear,courage"
DREAM476,39,Female,Doctor,Dedicated,"I healed with music. Each patient found their song.",1984-12-27,Capricorn,Career,Peaceful,"healing,music,patient,song"
DREAM477,34,Male,Chef,Passionate,"I cooked with love as ingredient. Everyone tasted it.",1989-08-18,Leo,Family,Joyful,"cooking,love,ingredient,tasted"
DREAM478,45,Female,Nurse,Caring,"I held the dying in my heart. They taught me about living.",1978-10-11,Libra,Spiritual,Peaceful,"dying,heart,taught,living"
DREAM479,32,Male,Writer,Inspired,"I wrote a story that wrote the world. Words became reality.",1991-12-09,Sagittarius,Creativity,Wonder,"story,wrote,world,words"
DREAM480,49,Female,Environmentalist,Passionate,"I talked to mountains. They remembered when the world was young.",1974-05-02,Taurus,Spiritual,Peaceful,"mountains,remembered,world,young"
DREAM481,30,Female,Dancer,Energetic,"I danced with gravity. We played with weight and flight.",1993-10-30,Scorpio,Spiritual,Joyful,"dancing,gravity,weight,flight"
DREAM482,41,Male,Scientist,Curious,"I discovered that thoughts are things. They create reality.",1982-01-25,Aquarius,Spiritual,Wonder,"thoughts,things,create,reality"
DREAM483,38,Male,Architect,Creative,"I designed spaces that healed. Architecture was medicine.",1985-11-13,Scorpio,Ambition,Creative,"spaces,healed,architecture,medicine"
DREAM484,35,Female,Psychologist,Curious,"I analyzed dreams of the earth. It dreamed of being whole.",1988-03-08,Pisces,Spiritual,Wonder,"dreams,earth,whole,dreamed"
DREAM485,29,Male,Musician,Melancholic,"I played a song that made flowers grow in winter. Hope bloomed.",1994-07-19,Cancer,Creativity,Joyful,"song,flowers,winter,hope"
DREAM486,44,Male,Teacher,Patient,"I taught students to listen to silence. Wisdom emerged.",1979-09-23,Virgo,Spiritual,Peaceful,"students,silence,wisdom,emerged"
DREAM487,33,Female,Artist,Creative,"I sculpted with starlight. The forms were galaxies in miniature.",1990-04-14,Aries,Creativity,Wonder,"sculpting,starlight,forms,galaxies"
DREAM488,52,Male,Grandfather,Wise,"I told stories that healed the future. Each tale planted peace.",1971-12-20,Sagittarius,Family,Peaceful,"stories,future,healed,peace"
DREAM489,37,Female,Nurse,Caring,"I held space for miracles. In the ordinary, the sacred appeared.",1986-02-07,Aquarius,Spiritual,Peaceful,"space,miracles,ordinary,sacred"
DREAM490,31,Male,Programmer,Focused,"I coded a world of infinite kindness. The algorithm was love.",1992-06-14,Gemini,Ambition,Wonder,"world,kindness,algorithm,love"
DREAM491,42,Female,Writer,Reflective,"I wrote letters to the universe. It responded with shooting stars.",1981-08-01,Leo,Spiritual,Peaceful,"letters,universe,responded,stars"
DREAM492,39,Male,Entrepreneur,Driven,"I created a business that healed communities. Profit was connection.",1984-10-09,Libra,Ambition,Inspired,"business,healed,communities,connection"
DREAM493,27,Female,Student,Excited,"I discovered a portal in my dream to infinite worlds. I visited them all.",1996-04-23,Taurus,Spiritual,Joyful,"portal,dream,worlds,visited"
DREAM494,46,Male,Engineer,Analytical,"I built a bridge between science and soul. Wisdom crossed both ways.",1977-12-15,Sagittarius,Ambition,Inspired,"bridge,science,soul,wisdom"
DREAM495,34,Female,Therapist,Empathetic,"I created a circle where all wounds healed. The circle was infinite.",1989-01-01,Capricorn,Spiritual,Peaceful,"circle,wounds,healed,infinite"
DREAM496,48,Male,Chef,Passionate,"I cooked a meal that made strangers family. The table was home.",1975-06-26,Cancer,Family,Joyful,"meal,strangers,family,home"
DREAM497,30,Female,Dancer,Expressive,"I danced with possibility. Each movement created new worlds.",1993-11-05,Scorpio,Spiritual,Joyful,"dancing,possibility,movement,worlds"
DREAM498,43,Male,Scientist,Curious,"I discovered that dreams are portals. We travel through them.",1980-03-27,Aries,Spiritual,Wonder,"dreams,portals,travel,through"
DREAM499,36,Female,Artist,Creative,"I painted with light from the source. The colors were primordial.",1987-05-16,Taurus,Creativity,Wonder,"painting,light,source,colors"
DREAM500,51,Male,Retired,Reflective,"I watched the universe unfold from within. I was both observer and observed.",1972-09-03,Virgo,Spiritual,Wonder,"universe,unfold,observer,observed"                                                                                                                                                                                                                                                 